{
  "noc_parameters": {
    "size": [
      2,
      2
    ],
    "buffer_size": 4,
    "activity_thresh": 3,
    "injection_rate_numerator": 3,
    "injection_rate_denominator": 10,
    "resistive_noise_threshold": 1,
    "inductive_noise_threshold": 10
  },
  "modest_command": "modest <model_file> --unsafe --max-run-length 0 -D --rng MersenneTwister -E RESISTIVE_THRESH=1, INDUCTIVE_THRESH=10",
  "verification_time_sec": 486.4139337539673,
  "properties": {
    "\"R_1000\"": 0.18192125334982479,
    "\"R_1010\"": 0.19006390434961865,
    "\"R_1020\"": 0.19903112760255617,
    "\"R_1030\"": 0.20861678004535147,
    "\"R_1040\"": 0.2191300762729334,
    "\"R_1050\"": 0.22624201195629767,
    "\"R_1060\"": 0.23397237682951968,
    "\"R_1070\"": 0.2432488146773861,
    "\"R_1080\"": 0.25118532261389404,
    "\"R_1090\"": 0.2600494743351886,
    "\"R_1100\"": 0.2680890538033395,
    "\"R_1110\"": 0.27685013399299113,
    "\"R_1120\"": 0.2873634302205731,
    "\"R_1130\"": 0.29622758194186766,
    "\"R_1140\"": 0.30498866213151926,
    "\"R_1150\"": 0.31653267367553084,
    "\"R_1160\"": 0.3274582560296846,
    "\"R_1170\"": 0.33632240775097916,
    "\"R_1180\"": 0.3451865594722738,
    "\"R_1190\"": 0.35487528344671204,
    "\"R_1200\"": 0.3640486497629355,
    "\"R_1210\"": 0.3728097299525871,
    "\"R_1220\"": 0.37971552257266544,
    "\"R_1230\"": 0.38857967429396,
    "\"R_1240\"": 0.39692846835703977,
    "\"R_1250\"": 0.4062049062049062,
    "\"R_1260\"": 0.4157905586477015,
    "\"R_1270\"": 0.42599464028035455,
    "\"R_1280\"": 0.4349618635332921,
    "\"R_1290\"": 0.4450628736343022,
    "\"R_1300\"": 0.4572253143681715,
    "\"R_1310\"": 0.4657802514945372,
    "\"R_1320\"": 0.47577819006390437,
    "\"R_1330\"": 0.4850546279117708,
    "\"R_1340\"": 0.4952587095444238,
    "\"R_1350\"": 0.505256648113791,
    "\"R_1360\"": 0.5159760874046588,
    "\"R_1370\"": 0.5252525252525253,
    "\"R_1380\"": 0.5344258915687488,
    "\"R_1390\"": 0.5432900432900433,
    "\"R_1400\"": 0.5538033395176253,
    "\"R_1410\"": 0.5638012780869923,
    "\"R_1420\"": 0.5743145743145743,
    "\"R_1430\"": 0.5834879406307978,
    "\"R_1440\"": 0.5929705215419501,
    "\"R_1450\"": 0.6013193156050299,
    "\"R_1460\"": 0.6103896103896104,
    "\"R_1470\"": 0.6183261183261183,
    "\"R_1480\"": 0.626777983920841,
    "\"R_1490\"": 0.6361574933003504,
    "\"R_1500\"": 0.6457431457431457,
    "\"R_1510\"": 0.6524427952999382,
    "\"R_1520\"": 0.6599670171098743,
    "\"R_1530\"": 0.66852195423624,
    "\"R_1540\"": 0.6755308183879613,
    "\"R_1550\"": 0.6827458256029685,
    "\"R_1560\"": 0.6898577612863327,
    "\"R_1570\"": 0.6978973407544836,
    "\"R_1580\"": 0.7063492063492064,
    "\"R_1590\"": 0.7143887858173572,
    "\"R_1600\"": 0.7217068645640075,
    "\"R_1610\"": 0.7289218717790147,
    "\"R_1620\"": 0.7365491651205937,
    "\"R_1630\"": 0.7446918161203876,
    "\"R_1640\"": 0.7505668934240363,
    "\"R_1650\"": 0.7577819006390435,
    "\"R_1660\"": 0.7640692640692641,
    "\"R_1670\"": 0.7695320552463409,
    "\"R_1680\"": 0.7760255617398475,
    "\"R_1690\"": 0.7820037105751392,
    "\"R_1700\"": 0.7890125747268605,
    "\"R_1710\"": 0.7951968666254381,
    "\"R_1720\"": 0.8010719439290868,
    "\"R_1730\"": 0.8068439497010925,
    "\"R_1740\"": 0.8125128839414554,
    "\"R_1750\"": 0.81859410430839,
    "\"R_1760\"": 0.8240568954854669,
    "\"R_1770\"": 0.8286951144094001,
    "\"R_1780\"": 0.8324056895485467,
    "\"R_1790\"": 0.8384869099154814,
    "\"R_1800\"": 0.8440527726242012,
    "\"R_1810\"": 0.8479694908266336,
    "\"R_1820\"": 0.8535353535353535,
    "\"R_1830\"": 0.8579674293960008,
    "\"R_1840\"": 0.8612657184085756,
    "\"R_1850\"": 0.8650793650793651,
    "\"R_1860\"": 0.8686868686868687,
    "\"R_1870\"": 0.873222016079159,
    "\"R_1880\"": 0.8765203050917336,
    "\"R_1890\"": 0.8797155225726654,
    "\"R_1900\"": 0.883323026180169,
    "\"R_1910\"": 0.8872397443826016,
    "\"R_1920\"": 0.8903318903318903,
    "\"R_1930\"": 0.8934240362811792,
    "\"R_1940\"": 0.8976499690785406,
    "\"R_1950\"": 0.9007421150278293,
    "\"R_1960\"": 0.9035250463821892,
    "\"R_1970\"": 0.906823335394764,
    "\"R_1980\"": 0.9099154813440528,
    "\"R_1990\"": 0.9130076272933416
  },
  "verification_type": "modes",
  "clock_cycle_bounds": [
    1000,
    1999
  ],
  "noc_model_file_path": "noc_model.modest",
  "raw_modest_output_path": "modest_output.txt"
}