{
  "noc_parameters": {
    "size": [
      2,
      2
    ],
    "buffer_size": 4,
    "activity_thresh": 3,
    "injection_rate_numerator": 3,
    "injection_rate_denominator": 10,
    "resistive_noise_threshold": 1,
    "inductive_noise_threshold": 10
  },
  "modest_command": "modest <model_file> --unsafe --max-run-length 0 -D --rng MersenneTwister -E RESISTIVE_NOISE_THRESH=1, INDUCTIVE_NOISE_THRESH=10",
  "verification_time_sec": 1413.9329130649567,
  "properties": {
    "I_1000": 0.18800247371675943,
    "I_1010": 0.19562976705833848,
    "I_1020": 0.2028447742733457,
    "I_1030": 0.21057513914656772,
    "I_1040": 0.22036693465264895,
    "I_1050": 0.22881880024737167,
    "I_1060": 0.2398474541331684,
    "I_1070": 0.24860853432282004,
    "I_1080": 0.25788497217068646,
    "I_1090": 0.26664605236033806,
    "I_1100": 0.27530406101834676,
    "I_1110": 0.28324056895485467,
    "I_1120": 0.2918985776128633,
    "I_1130": 0.3014842300556586,
    "I_1140": 0.3096268810554525,
    "I_1150": 0.31859410430839,
    "I_1160": 0.3281797567511853,
    "I_1170": 0.336734693877551,
    "I_1180": 0.34652648938363223,
    "I_1190": 0.3564213564213564,
    "I_1200": 0.3646670789527932,
    "I_1210": 0.37497423211708925,
    "I_1220": 0.38538445681302824,
    "I_1230": 0.3940424654710369,
    "I_1240": 0.4052772624201196,
    "I_1250": 0.41548134405277265,
    "I_1260": 0.424963924963925,
    "I_1270": 0.4344465058750773,
    "I_1280": 0.4441352298495156,
    "I_1290": 0.4532055246340961,
    "I_1300": 0.4629973201401773,
    "I_1310": 0.47134611420325706,
    "I_1320": 0.4811379097093383,
    "I_1330": 0.4904143475572047,
    "I_1340": 0.49752628324056897,
    "I_1350": 0.5079365079365079,
    "I_1360": 0.5163883735312307,
    "I_1370": 0.5255617398474541,
    "I_1380": 0.5357658214801072,
    "I_1390": 0.5456606885178313,
    "I_1400": 0.554524840239126,
    "I_1410": 0.5654504225932797,
    "I_1420": 0.5730777159348588,
    "I_1430": 0.5820449391877963,
    "I_1440": 0.5891568748711606,
    "I_1450": 0.5987425273139558,
    "I_1460": 0.608843537414966,
    "I_1470": 0.6171923314780458,
    "I_1480": 0.6239950525664811,
    "I_1490": 0.6317254174397031,
    "I_1500": 0.6402803545660688,
    "I_1510": 0.6470830756545042,
    "I_1520": 0.6533704390847248,
    "I_1530": 0.6617192331478046,
    "I_1540": 0.6693465264893836,
    "I_1550": 0.6795506081220367,
    "I_1560": 0.6889301175015461,
    "I_1570": 0.6962481962481962,
    "I_1580": 0.7053184910327768,
    "I_1590": 0.7112966398680685,
    "I_1600": 0.7190270047412904,
    "I_1610": 0.7249020820449392,
    "I_1620": 0.7304679447536591,
    "I_1630": 0.7376829519686663,
    "I_1640": 0.7456194599051742,
    "I_1650": 0.7522160379303237,
    "I_1660": 0.7581941867656153,
    "I_1670": 0.7648938363224077,
    "I_1680": 0.7695320552463409,
    "I_1690": 0.774788703360132,
    "I_1700": 0.7814883529169243,
    "I_1710": 0.7864357864357865,
    "I_1720": 0.7914862914862915,
    "I_1730": 0.7982890125747268,
    "I_1740": 0.8043702329416615,
    "I_1750": 0.8096268810554524,
    "I_1760": 0.8168418882704597,
    "I_1770": 0.8224077509791795,
    "I_1780": 0.8275613275613276,
    "I_1790": 0.8324056895485467,
    "I_1800": 0.8376623376623377,
    "I_1810": 0.8433312719027005,
    "I_1820": 0.8468357039785611,
    "I_1830": 0.8518862090290662,
    "I_1840": 0.8554937126365698,
    "I_1850": 0.8595135023706453,
    "I_1860": 0.8638425066996496,
    "I_1870": 0.8683776540919398,
    "I_1880": 0.8733250876108019,
    "I_1890": 0.8768295196866626,
    "I_1900": 0.880849309420738,
    "I_1910": 0.8854875283446711,
    "I_1920": 0.8903318903318903,
    "I_1930": 0.8933209647495362,
    "I_1940": 0.8967223252937538,
    "I_1950": 0.9010513296227582,
    "I_1960": 0.9047619047619048,
    "I_1970": 0.9083694083694084,
    "I_1980": 0.9110492681921253,
    "I_1990": 0.9136260564831994
  },
  "verification_type": "modes",
  "clock_cycle_bounds": [
    1000,
    1990
  ],
  "noc_model_file_path": "noc_model.modest",
  "raw_modest_output_path": "modest_output.txt"
}