{
  "noc_parameters": {
    "size": [
      2,
      2
    ],
    "buffer_size": 4,
    "activity_thresh": 3,
    "injection_rate_numerator": 3,
    "injection_rate_denominator": 10,
    "resistive_noise_threshold": 2,
    "inductive_noise_threshold": 0
  },
  "modest_command": "modest <model_file> --max-run-length 0 --unsafe -E ACTIVITY_THRESH=3,NOC_MESH_WIDTH=2,NOC_MESH_HEIGHT=2,RESISTIVE_THRESH=2,INDUCTIVE_THRESH=0",
  "verification_time_sec": 38.167113304138184,
  "properties": {
    "R_0": 0.0,
    "R_2": 0.010101010101010102,
    "R_4": 0.010101010101010102,
    "R_6": 0.010101010101010102,
    "R_8": 0.010101010101010102,
    "R_10": 0.010101010101010102,
    "R_12": 0.04329004329004329,
    "R_14": 0.04782519068233354,
    "R_16": 0.04782519068233354,
    "R_18": 0.04782519068233354,
    "R_20": 0.04782519068233354,
    "R_22": 0.10070088641517214,
    "R_24": 0.10564831993403422,
    "R_26": 0.10564831993403422,
    "R_28": 0.10564831993403422,
    "R_30": 0.10564831993403422,
    "R_32": 0.16728509585652443,
    "R_34": 0.1740878169449598,
    "R_36": 0.1740878169449598,
    "R_38": 0.1740878169449598,
    "R_40": 0.1740878169449598,
    "R_42": 0.23685837971552257,
    "R_44": 0.24273345701917132,
    "R_46": 0.24273345701917132,
    "R_48": 0.24273345701917132,
    "R_50": 0.24273345701917132,
    "R_52": 0.3099360956503814,
    "R_54": 0.3163265306122449,
    "R_56": 0.3163265306122449,
    "R_58": 0.3163265306122449,
    "R_60": 0.3163265306122449,
    "R_62": 0.3774479488765203,
    "R_64": 0.3844568130282416,
    "R_66": 0.3844568130282416,
    "R_68": 0.3844568130282416,
    "R_70": 0.3844568130282416,
    "R_72": 0.443001443001443,
    "R_74": 0.4503195217480932,
    "R_76": 0.4503195217480932,
    "R_78": 0.4503195217480932,
    "R_80": 0.4503195217480932,
    "R_82": 0.5050505050505051,
    "R_84": 0.5115440115440115,
    "R_86": 0.5115440115440115,
    "R_88": 0.5115440115440115,
    "R_90": 0.5115440115440115,
    "R_92": 0.5677179962894249,
    "R_94": 0.5729746444032159,
    "R_96": 0.5729746444032159,
    "R_98": 0.5729746444032159,
    "R_100": 0.5729746444032159,
    "R_102": 0.6176046176046176,
    "R_104": 0.6236858379715523,
    "R_106": 0.6236858379715523,
    "R_108": 0.6236858379715523,
    "R_110": 0.6236858379715523,
    "R_112": 0.668315811172954,
    "R_114": 0.6718202432488147,
    "R_116": 0.6718202432488147,
    "R_118": 0.6718202432488147,
    "R_120": 0.6718202432488147,
    "R_122": 0.7104720676149248,
    "R_124": 0.715007215007215,
    "R_126": 0.715007215007215,
    "R_128": 0.715007215007215,
    "R_130": 0.715007215007215,
    "R_132": 0.7475778190063904,
    "R_134": 0.7518037518037518,
    "R_136": 0.7518037518037518,
    "R_138": 0.7518037518037518,
    "R_140": 0.7518037518037518,
    "R_142": 0.782622139764997,
    "R_144": 0.7877757163471449,
    "R_146": 0.7877757163471449,
    "R_148": 0.7877757163471449,
    "R_150": 0.7877757163471449,
    "R_152": 0.813543599257885,
    "R_154": 0.8164296021438878,
    "R_156": 0.8164296021438878,
    "R_158": 0.8164296021438878,
    "R_160": 0.8164296021438878,
    "R_162": 0.8373531230674088,
    "R_164": 0.8410636982065554,
    "R_166": 0.8410636982065554,
    "R_168": 0.8410636982065554,
    "R_170": 0.8410636982065554,
    "R_172": 0.8607503607503607,
    "R_174": 0.8641517212945784,
    "R_176": 0.8641517212945784,
    "R_178": 0.8641517212945784,
    "R_180": 0.8641517212945784,
    "R_182": 0.8819830962688106,
    "R_184": 0.8838383838383839,
    "R_186": 0.8838383838383839,
    "R_188": 0.8838383838383839,
    "R_190": 0.8838383838383839,
    "R_192": 0.8977530406101835,
    "R_194": 0.8992991135848278,
    "R_196": 0.8992991135848278,
    "R_198": 0.8992991135848278,
    "R_200": 0.8992991135848278,
    "R_202": 0.9121830550401979,
    "R_204": 0.9140383426097711,
    "R_206": 0.9140383426097711,
    "R_208": 0.9140383426097711,
    "R_210": 0.9140383426097711,
    "R_212": 0.9262007833436405,
    "R_214": 0.9278499278499278,
    "R_216": 0.9278499278499278,
    "R_218": 0.9278499278499278,
    "R_220": 0.9278499278499278,
    "R_222": 0.9384662956091527,
    "R_224": 0.9394970109255824,
    "R_226": 0.9394970109255824,
    "R_228": 0.9394970109255824,
    "R_230": 0.9394970109255824,
    "R_232": 0.9475365903937333,
    "R_234": 0.9486703772418058,
    "R_236": 0.9486703772418058,
    "R_238": 0.9486703772418058,
    "R_240": 0.9486703772418058,
    "R_242": 0.955885384456813,
    "R_244": 0.9567099567099567,
    "R_246": 0.9567099567099567,
    "R_248": 0.9567099567099567,
    "R_250": 0.9567099567099567,
    "R_252": 0.9624819624819625,
    "R_254": 0.9633065347351062,
    "R_256": 0.9633065347351062,
    "R_258": 0.9633065347351062,
    "R_260": 0.9633065347351062,
    "R_262": 0.9682539682539683,
    "R_264": 0.9693877551020408,
    "R_266": 0.9693877551020408,
    "R_268": 0.9693877551020408,
    "R_270": 0.9693877551020408,
    "R_272": 0.9727891156462585,
    "R_274": 0.9736136878994022,
    "R_276": 0.9736136878994022,
    "R_278": 0.9736136878994022,
    "R_280": 0.9736136878994022,
    "R_282": 0.976911976911977,
    "R_284": 0.9773242630385488,
    "R_286": 0.9773242630385488,
    "R_288": 0.9773242630385488,
    "R_290": 0.9773242630385488,
    "R_292": 0.9799010513296228,
    "R_294": 0.9803133374561946,
    "R_296": 0.9803133374561946,
    "R_298": 0.9803133374561946,
    "R_300": 0.9803133374561946,
    "R_302": 0.9826839826839827,
    "R_304": 0.9830962688105546,
    "R_306": 0.9830962688105546,
    "R_308": 0.9830962688105546,
    "R_310": 0.9830962688105546,
    "R_312": 0.9860853432282004,
    "R_314": 0.9862914862914863,
    "R_316": 0.9862914862914863,
    "R_318": 0.9862914862914863,
    "R_320": 0.9862914862914863,
    "R_322": 0.9878375592661307,
    "R_324": 0.9879406307977736,
    "R_326": 0.9879406307977736,
    "R_328": 0.9879406307977736,
    "R_330": 0.9879406307977736,
    "R_332": 0.989692846835704,
    "R_334": 0.98989898989899,
    "R_336": 0.98989898989899,
    "R_338": 0.98989898989899,
    "R_340": 0.98989898989899,
    "R_342": 0.9909297052154195,
    "R_344": 0.9912389198103484,
    "R_346": 0.9912389198103484,
    "R_348": 0.9912389198103484,
    "R_350": 0.9912389198103484,
    "R_352": 0.9926819212533499,
    "R_354": 0.9927849927849928,
    "R_356": 0.9927849927849928,
    "R_358": 0.9927849927849928,
    "R_360": 0.9927849927849928,
    "R_362": 0.9939187796330653,
    "R_364": 0.9940218511647083,
    "R_366": 0.9940218511647083,
    "R_368": 0.9940218511647083,
    "R_370": 0.9940218511647083,
    "R_372": 0.9945372088229231,
    "R_374": 0.994846423417852,
    "R_376": 0.994846423417852,
    "R_378": 0.994846423417852,
    "R_380": 0.994846423417852,
    "R_382": 0.9951556380127808,
    "R_384": 0.9951556380127808,
    "R_386": 0.9951556380127808,
    "R_388": 0.9951556380127808,
    "R_390": 0.9951556380127808,
    "R_392": 0.9961863533292105,
    "R_394": 0.9962894248608535,
    "R_396": 0.9962894248608535,
    "R_398": 0.9962894248608535,
    "R_400": 0.9962894248608535,
    "R_402": 0.9967017109874253,
    "R_404": 0.9968047825190682,
    "R_406": 0.9968047825190682,
    "R_408": 0.9968047825190682,
    "R_410": 0.9968047825190682,
    "R_412": 0.9971139971139971,
    "R_414": 0.9971139971139971,
    "R_416": 0.9971139971139971,
    "R_418": 0.9971139971139971,
    "R_420": 0.9971139971139971,
    "R_422": 0.9972170686456401,
    "R_424": 0.9972170686456401,
    "R_426": 0.9972170686456401,
    "R_428": 0.9972170686456401,
    "R_430": 0.9972170686456401,
    "R_432": 0.9975262832405689,
    "R_434": 0.9976293547722119,
    "R_436": 0.9976293547722119,
    "R_438": 0.9976293547722119,
    "R_440": 0.9976293547722119,
    "R_442": 0.9976293547722119,
    "R_444": 0.9977324263038548,
    "R_446": 0.9977324263038548,
    "R_448": 0.9977324263038548,
    "R_450": 0.9977324263038548,
    "R_452": 0.9982477839620697,
    "R_454": 0.9982477839620697,
    "R_456": 0.9982477839620697,