{
  "noc_parameters": {
    "size": [
      2,
      2
    ],
    "buffer_size": 4,
    "activity_thresh": 3,
    "injection_rate_numerator": 3,
    "injection_rate_denominator": 10,
    "resistive_noise_threshold": 20,
    "inductive_noise_threshold": 1
  },
  "modest_command": "modest <model_file> --unsafe --max-run-length 0 -D --rng MersenneTwister -E RESISTIVE_NOISE_THRESH=20, INDUCTIVE_NOISE_THRESH=1",
  "verification_time_sec": 246.96056818962097,
  "properties": {
    "\"R_200\"": 0.2119150690579262,
    "\"R_201\"": 0.23459080601937746,
    "\"R_202\"": 0.26953205524634094,
    "\"R_203\"": 0.2748917748917749,
    "\"R_204\"": 0.2748917748917749,
    "\"R_205\"": 0.2748917748917749,
    "\"R_206\"": 0.2748917748917749,
    "\"R_207\"": 0.2748917748917749,
    "\"R_208\"": 0.2748917748917749,
    "\"R_209\"": 0.2748917748917749,
    "\"R_210\"": 0.2748917748917749,
    "\"R_211\"": 0.30014430014430016,
    "\"R_212\"": 0.3434343434343434,
    "\"R_213\"": 0.3499278499278499,
    "\"R_214\"": 0.3499278499278499,
    "\"R_215\"": 0.3499278499278499,
    "\"R_216\"": 0.3499278499278499,
    "\"R_217\"": 0.3499278499278499,
    "\"R_218\"": 0.3499278499278499,
    "\"R_219\"": 0.3499278499278499,
    "\"R_220\"": 0.3499278499278499,
    "\"R_221\"": 0.3787878787878788,
    "\"R_222\"": 0.42795299938157083,
    "\"R_223\"": 0.4334157905586477,
    "\"R_224\"": 0.4334157905586477,
    "\"R_225\"": 0.4334157905586477,
    "\"R_226\"": 0.4334157905586477,
    "\"R_227\"": 0.4334157905586477,
    "\"R_228\"": 0.4334157905586477,
    "\"R_229\"": 0.4334157905586477,
    "\"R_230\"": 0.4334157905586477,
    "\"R_231\"": 0.4618635332921047,
    "\"R_232\"": 0.5081426509997938,
    "\"R_233\"": 0.5141207998350855,
    "\"R_234\"": 0.5141207998350855,
    "\"R_235\"": 0.5141207998350855,
    "\"R_236\"": 0.5141207998350855,
    "\"R_237\"": 0.5141207998350855,
    "\"R_238\"": 0.5141207998350855,
    "\"R_239\"": 0.5141207998350855,
    "\"R_240\"": 0.5141207998350855,
    "\"R_241\"": 0.5408163265306123,
    "\"R_242\"": 0.5822510822510822,
    "\"R_243\"": 0.5887445887445888,
    "\"R_244\"": 0.5887445887445888,
    "\"R_245\"": 0.5887445887445888,
    "\"R_246\"": 0.5887445887445888,
    "\"R_247\"": 0.5887445887445888,
    "\"R_248\"": 0.5887445887445888,
    "\"R_249\"": 0.5887445887445888,
    "\"R_250\"": 0.5887445887445888,
    "\"R_251\"": 0.6161616161616161,
    "\"R_252\"": 0.6551226551226551,
    "\"R_253\"": 0.6612038754895898,
    "\"R_254\"": 0.6612038754895898,
    "\"R_255\"": 0.6612038754895898,
    "\"R_256\"": 0.6612038754895898,
    "\"R_257\"": 0.6612038754895898,
    "\"R_258\"": 0.6612038754895898,
    "\"R_259\"": 0.6612038754895898,
    "\"R_260\"": 0.6612038754895898,
    "\"R_261\"": 0.6850133992991135,
    "\"R_262\"": 0.7198515769944341,
    "\"R_263\"": 0.725211296639868,
    "\"R_264\"": 0.725211296639868,
    "\"R_265\"": 0.725211296639868,
    "\"R_266\"": 0.725211296639868,
    "\"R_267\"": 0.725211296639868,
    "\"R_268\"": 0.725211296639868,
    "\"R_269\"": 0.725211296639868,
    "\"R_270\"": 0.725211296639868,
    "\"R_271\"": 0.7480931766646053,
    "\"R_272\"": 0.7762317048031334,
    "\"R_273\"": 0.7805607091321377,
    "\"R_274\"": 0.7805607091321377,
    "\"R_275\"": 0.7805607091321377,
    "\"R_276\"": 0.7805607091321377,
    "\"R_277\"": 0.7805607091321377,
    "\"R_278\"": 0.7805607091321377,
    "\"R_279\"": 0.7805607091321377,
    "\"R_280\"": 0.7805607091321377,
    "\"R_281\"": 0.7969490826633684,
    "\"R_282\"": 0.8227169655741084,
    "\"R_283\"": 0.8270459699031127,
    "\"R_284\"": 0.8270459699031127,
    "\"R_285\"": 0.8270459699031127,
    "\"R_286\"": 0.8270459699031127,
    "\"R_287\"": 0.8270459699031127,
    "\"R_288\"": 0.8270459699031127,
    "\"R_289\"": 0.8270459699031127,
    "\"R_290\"": 0.8270459699031127,
    "\"R_291\"": 0.8431251288394146,
    "\"R_292\"": 0.867862296433725,
    "\"R_293\"": 0.8715728715728716,
    "\"R_294\"": 0.8715728715728716,
    "\"R_295\"": 0.8715728715728716,
    "\"R_296\"": 0.8715728715728716,
    "\"R_297\"": 0.8715728715728716,
    "\"R_298\"": 0.8715728715728716,
    "\"R_299\"": 0.8715728715728716
  },
  "verification_type": "modes",
  "clock_cycle_bounds": [
    200,
    299
  ],
  "noc_model_file_path": "noc_model.modest",
  "raw_modest_output_path": "modest_output.txt"
}