{
  "noc_parameters": {
    "size": [
      3,
      3
    ],
    "buffer_size": 4,
    "activity_thresh": 3,
    "injection_rate_numerator": 3,
    "injection_rate_denominator": 10,
    "resistive_noise_threshold": null,
    "inductive_noise_threshold": null
  },
  "modest_command": "modest <model_file> --unsafe --max-run-length 0 -D --rng MersenneTwister -E ACTIVITY_THRESH=3",
  "verification_time_sec": 11.782034397125244,
  "properties": {
    "r0_R_1000": 0.13636363636363635,
    "r1_R_1000": 0.7553081838796124,
    "r2_R_1000": 0.12853019995877138,
    "r3_R_1000": 0.5106163677592249,
    "r4_R_1000": 0.9522778808493094,
    "r5_R_1000": 0.4994846423417852,
    "r6_R_1000": 0.12791177076891364,
    "r7_R_1000": 0.7528344671201814,
    "r8_R_1000": 0.12708719851576994
  },
  "verification_type": "modes",
  "clock_cycle_bounds": [
    1000,
    1000
  ],
  "noc_model_file_path": "noc_model.modest",
  "raw_modest_output_path": "modest_output.txt"
}