{
  "noc_parameters": {
    "size": [
      2,
      2
    ],
    "buffer_size": 4,
    "activity_thresh": 3,
    "injection_rate_numerator": 3,
    "injection_rate_denominator": 10,
    "resistive_noise_threshold": 20,
    "inductive_noise_threshold": 1
  },
  "modest_command": "modest <model_file> --unsafe --max-run-length 0 -D --rng MersenneTwister -E RESISTIVE_THRESH=20, INDUCTIVE_THRESH=1",
  "verification_time_sec": 18.731215715408325,
  "properties": {
    "\"R_0\"": 0.0,
    "\"R_1\"": 0.0,
    "\"R_2\"": 0.0,
    "\"R_3\"": 0.0,
    "\"R_4\"": 0.0,
    "\"R_5\"": 0.0,
    "\"R_6\"": 0.0,
    "\"R_7\"": 0.0,
    "\"R_8\"": 0.0,
    "\"R_9\"": 0.0,
    "\"R_10\"": 0.0,
    "\"R_11\"": 0.0,
    "\"R_12\"": 0.0,
    "\"R_13\"": 0.0,
    "\"R_14\"": 0.00030921459492888067,
    "\"R_15\"": 0.00041228612657184083,
    "\"R_16\"": 0.0007215007215007215,
    "\"R_17\"": 0.0013399299113584827,
    "\"R_18\"": 0.0026798598227169654,
    "\"R_19\"": 0.004225932797361369,
    "\"R_20\"": 0.006699649556792414,
    "\"R_21\"": 0.012265512265512266,
    "\"R_22\"": 0.018243661100803957,
    "\"R_23\"": 0.027107812822098537,
    "\"R_24\"": 0.03906411049268192,
    "\"R_25\"": 0.056998556998557,
    "\"R_26\"": 0.07988043702329417,
    "\"R_27\"": 0.10657596371882086,
    "\"R_28\"": 0.1386312100597815,
    "\"R_29\"": 0.17398474541331685,
    "\"R_30\"": 0.2119150690579262,
    "\"R_31\"": 0.25654504225932795,
    "\"R_32\"": 0.30416408987837557,
    "\"R_33\"": 0.34900020614306326,
    "\"R_34\"": 0.39826839826839827,
    "\"R_35\"": 0.4475365903937332,
    "\"R_36\"": 0.49051741908884766,
    "\"R_37\"": 0.5368996083281797,
    "\"R_38\"": 0.580292723149866,
    "\"R_39\"": 0.6211090496804782,
    "\"R_40\"": 0.6608946608946609,
    "\"R_41\"": 0.7003710575139147,
    "\"R_42\"": 0.7349000206143064,
    "\"R_43\"": 0.7660276231704803,
    "\"R_44\"": 0.7938569367140795,
    "\"R_45\"": 0.8201401772830345,
    "\"R_46\"": 0.8431251288394146,
    "\"R_47\"": 0.8662131519274376,
    "\"R_48\"": 0.8839414553700268,
    "\"R_49\"": 0.9018759018759018,
    "\"R_50\"": 0.9187796330653474,
    "\"R_51\"": 0.9330035044320759,
    "\"R_52\"": 0.9432075860647289,
    "\"R_53\"": 0.953514739229025,
    "\"R_54\"": 0.9617604617604618,
    "\"R_55\"": 0.9682539682539683,
    "\"R_56\"": 0.9742321170892599,
    "\"R_57\"": 0.9795918367346939,
    "\"R_58\"": 0.9824778396206968,
    "\"R_59\"": 0.9864976293547723,
    "\"R_60\"": 0.9890744176458462,
    "\"R_61\"": 0.9909297052154195,
    "\"R_62\"": 0.9934034219748505,
    "\"R_63\"": 0.9943310657596371,
    "\"R_64\"": 0.9956709956709957,
    "\"R_65\"": 0.9962894248608535,
    "\"R_66\"": 0.9969078540507111,
    "\"R_67\"": 0.997423211708926,
    "\"R_68\"": 0.9983508554937126,
    "\"R_69\"": 0.9988662131519275,
    "\"R_70\"": 0.9991754277468563,
    "\"R_71\"": 0.9994846423417852,
    "\"R_72\"": 0.9994846423417852,
    "\"R_73\"": 0.9994846423417852,
    "\"R_74\"": 0.9995877138734282,
    "\"R_75\"": 0.9997938569367141,
    "\"R_76\"": 0.9997938569367141,
    "\"R_77\"": 0.9998969284683571,
    "\"R_78\"": 0.9998969284683571,
    "\"R_79\"": 0.9998969284683571,
    "\"R_80\"": 0.9998969284683571,
    "\"R_81\"": 0.9998969284683571,
    "\"R_82\"": 1.0,
    "\"R_83\"": 1.0,
    "\"R_84\"": 1.0,
    "\"R_85\"": 1.0,
    "\"R_86\"": 1.0,
    "\"R_87\"": 1.0,
    "\"R_88\"": 1.0,
    "\"R_89\"": 1.0,
    "\"R_90\"": 1.0,
    "\"R_91\"": 1.0,
    "\"R_92\"": 1.0,
    "\"R_93\"": 1.0,
    "\"R_94\"": 1.0,
    "\"R_95\"": 1.0,
    "\"R_96\"": 1.0,
    "\"R_97\"": 1.0,
    "\"R_98\"": 1.0,
    "\"R_99\"": 1.0
  },
  "verification_type": "modes",
  "clock_cycle_bounds": [
    0,
    99
  ],
  "noc_model_file_path": "noc_model.modest",
  "raw_modest_output_path": "modest_output.txt"
}