{
  "noc_parameters": {
    "size": [
      2,
      2
    ],
    "buffer_size": 4,
    "activity_thresh": 3,
    "injection_rate_numerator": 3,
    "injection_rate_denominator": 10,
    "resistive_noise_threshold": 5,
    "inductive_noise_threshold": 1
  },
  "modest_command": "modest <model_file> --unsafe --max-run-length 0 -D --rng MersenneTwister -E RESISTIVE_THRESH=5, INDUCTIVE_THRESH=1",
  "verification_time_sec": 20.98408079147339,
  "properties": {
    "R_200": 0.9998969284683571,
    "R_201": 0.9998969284683571,
    "R_202": 0.9998969284683571,
    "R_203": 0.9998969284683571,
    "R_204": 0.9998969284683571,
    "R_205": 0.9998969284683571,
    "R_206": 0.9998969284683571,
    "R_207": 0.9998969284683571,
    "R_208": 0.9998969284683571,
    "R_209": 0.9998969284683571,
    "R_210": 0.9998969284683571,
    "R_211": 0.9998969284683571,
    "R_212": 1.0,
    "R_213": 1.0,
    "R_214": 1.0,
    "R_215": 1.0,
    "R_216": 1.0,
    "R_217": 1.0,
    "R_218": 1.0,
    "R_219": 1.0,
    "R_220": 1.0,
    "R_221": 1.0,
    "R_222": 1.0,
    "R_223": 1.0,
    "R_224": 1.0,
    "R_225": 1.0,
    "R_226": 1.0,
    "R_227": 1.0,
    "R_228": 1.0,
    "R_229": 1.0,
    "R_230": 1.0,
    "R_231": 1.0,
    "R_232": 1.0,
    "R_233": 1.0,
    "R_234": 1.0,
    "R_235": 1.0,
    "R_236": 1.0,
    "R_237": 1.0,
    "R_238": 1.0,
    "R_239": 1.0,
    "R_240": 1.0,
    "R_241": 1.0,
    "R_242": 1.0,
    "R_243": 1.0,
    "R_244": 1.0,
    "R_245": 1.0,
    "R_246": 1.0,
    "R_247": 1.0,
    "R_248": 1.0,
    "R_249": 1.0,
    "R_250": 1.0
  },
  "verification_type": "modes",
  "clock_cycle_bounds": [
    200,
    250
  ],
  "noc_model_file_path": "noc_model.modest",
  "raw_modest_output_path": "modest_output.txt"
}