{
  "noc_parameters": {
    "size": [
      2,
      2
    ],
    "buffer_size": 4,
    "activity_thresh": 3,
    "injection_rate_numerator": 3,
    "injection_rate_denominator": 10,
    "resistive_noise_threshold": 1,
    "inductive_noise_threshold": 1
  },
  "modest_command": "modest <model_file> --unsafe --max-run-length 0 -D --rng MersenneTwister -E RESISTIVE_NOISE_THRESH=1, INDUCTIVE_NOISE_THRESH=1",
  "verification_time_sec": 135.4297637939453,
  "properties": {
    "I_1000": 0.9995877138734282,
    "I_1010": 0.9995877138734282,
    "I_1020": 0.9995877138734282,
    "I_1030": 0.9996907854050712,
    "I_1040": 0.9996907854050712,
    "I_1050": 0.9996907854050712,
    "I_1060": 0.9996907854050712,
    "I_1070": 0.9996907854050712,
    "I_1080": 0.9996907854050712,
    "I_1090": 0.9996907854050712,
    "I_1100": 0.9997938569367141,
    "I_1110": 0.9997938569367141,
    "I_1120": 0.9998969284683571,
    "I_1130": 0.9998969284683571,
    "I_1140": 0.9998969284683571,
    "I_1150": 0.9998969284683571,
    "I_1160": 0.9998969284683571,
    "I_1170": 0.9998969284683571,
    "I_1180": 0.9998969284683571,
    "I_1190": 0.9998969284683571,
    "I_1200": 0.9998969284683571,
    "I_1210": 1.0,
    "I_1220": 1.0,
    "I_1230": 1.0,
    "I_1240": 1.0,
    "I_1250": 1.0,
    "I_1260": 1.0,
    "I_1270": 1.0,
    "I_1280": 1.0,
    "I_1290": 1.0,
    "I_1300": 1.0,
    "I_1310": 1.0,
    "I_1320": 1.0,
    "I_1330": 1.0,
    "I_1340": 1.0,
    "I_1350": 1.0,
    "I_1360": 1.0,
    "I_1370": 1.0,
    "I_1380": 1.0,
    "I_1390": 1.0,
    "I_1400": 1.0,
    "I_1410": 1.0,
    "I_1420": 1.0,
    "I_1430": 1.0,
    "I_1440": 1.0,
    "I_1450": 1.0,
    "I_1460": 1.0,
    "I_1470": 1.0,
    "I_1480": 1.0,
    "I_1490": 1.0,
    "I_1500": 1.0
  },
  "verification_type": "modes",
  "clock_cycle_bounds": [
    1000,
    1500
  ],
  "noc_model_file_path": "noc_model.modest",
  "raw_modest_output_path": "modest_output.txt"
}