{
  "noc_parameters": {
    "size": [
      2,
      2
    ],
    "buffer_size": 4,
    "activity_thresh": 3,
    "injection_rate_numerator": 3,
    "injection_rate_denominator": 10,
    "resistive_noise_threshold": 1,
    "inductive_noise_threshold": 1
  },
  "modest_command": "modest <model_file> --unsafe --max-run-length 0 -D --rng MersenneTwister -E RESISTIVE_THRESH=1, INDUCTIVE_THRESH=1",
  "verification_time_sec": 50.82382655143738,
  "properties": {
    "R_1000": 0.9992784992784993,
    "R_1010": 0.9992784992784993,
    "R_1020": 0.9992784992784993,
    "R_1030": 0.9992784992784993,
    "R_1040": 0.9994846423417852,
    "R_1050": 0.9995877138734282,
    "R_1060": 0.9996907854050712,
    "R_1070": 0.9997938569367141,
    "R_1080": 0.9997938569367141,
    "R_1090": 0.9997938569367141,
    "R_1100": 0.9997938569367141,
    "R_1110": 0.9997938569367141,
    "R_1120": 0.9997938569367141,
    "R_1130": 0.9997938569367141,
    "R_1140": 0.9998969284683571,
    "R_1150": 0.9998969284683571,
    "R_1160": 0.9998969284683571,
    "R_1170": 0.9998969284683571,
    "R_1180": 0.9998969284683571,
    "R_1190": 1.0,
    "R_1200": 1.0,
    "R_1210": 1.0,
    "R_1220": 1.0,
    "R_1230": 1.0,
    "R_1240": 1.0,
    "R_1250": 1.0,
    "R_1260": 1.0,
    "R_1270": 1.0,
    "R_1280": 1.0,
    "R_1290": 1.0,
    "R_1300": 1.0,
    "R_1310": 1.0,
    "R_1320": 1.0,
    "R_1330": 1.0,
    "R_1340": 1.0,
    "R_1350": 1.0,
    "R_1360": 1.0,
    "R_1370": 1.0,
    "R_1380": 1.0,
    "R_1390": 1.0,
    "R_1400": 1.0,
    "R_1410": 1.0,
    "R_1420": 1.0,
    "R_1430": 1.0,
    "R_1440": 1.0,
    "R_1450": 1.0,
    "R_1460": 1.0,
    "R_1470": 1.0,
    "R_1480": 1.0,
    "R_1490": 1.0,
    "R_1500": 1.0
  },
  "verification_type": "modes",
  "clock_cycle_bounds": [
    1000,
    1500
  ],
  "noc_model_file_path": "noc_model.modest",
  "raw_modest_output_path": "modest_output.txt"
}