{
  "noc_parameters": {
    "size": [
      4,
      4
    ],
    "buffer_size": 4,
    "activity_thresh": 3,
    "injection_rate_numerator": 3,
    "injection_rate_denominator": 10,
    "resistive_noise_threshold": 5,
    "inductive_noise_threshold": 0
  },
  "modest_command": "modest <model_file> --max-run-length 0 --unsafe -E ACTIVITY_THRESH=3,NOC_MESH_WIDTH=4,NOC_MESH_HEIGHT=4,RESISTIVE_THRESH=5,INDUCTIVE_THRESH=0",
  "verification_time_sec": 631.9930396080017,
  "properties": {
    "R_0": 0.0,
    "R_2": 0.0,
    "R_4": 0.0,
    "R_6": 0.0,
    "R_8": 0.0,
    "R_10": 0.0,
    "R_12": 0.0,
    "R_14": 0.0,
    "R_16": 0.0,
    "R_18": 0.0,
    "R_20": 0.0,
    "R_22": 0.0,
    "R_24": 0.0,
    "R_26": 0.0,
    "R_28": 0.0,
    "R_30": 0.0,
    "R_32": 0.0,
    "R_34": 0.0,
    "R_36": 0.0,
    "R_38": 0.0,
    "R_40": 0.0,
    "R_42": 0.0,
    "R_44": 0.0,
    "R_46": 0.0,
    "R_48": 0.0,
    "R_50": 0.0,
    "R_52": 0.0,
    "R_54": 0.0,
    "R_56": 0.0,
    "R_58": 0.0,
    "R_60": 0.0,
    "R_62": 0.00010307153164296021,
    "R_64": 0.00010307153164296021,
    "R_66": 0.00010307153164296021,
    "R_68": 0.00010307153164296021,
    "R_70": 0.00010307153164296021,
    "R_72": 0.00020614306328592042,
    "R_74": 0.00020614306328592042,
    "R_76": 0.00020614306328592042,
    "R_78": 0.00020614306328592042,
    "R_80": 0.00020614306328592042,
    "R_82": 0.00041228612657184083,
    "R_84": 0.00041228612657184083,
    "R_86": 0.00041228612657184083,
    "R_88": 0.00041228612657184083,
    "R_90": 0.00041228612657184083,
    "R_92": 0.0007215007215007215,
    "R_94": 0.0008245722531436817,
    "R_96": 0.0008245722531436817,
    "R_98": 0.0008245722531436817,
    "R_100": 0.0008245722531436817,
    "R_102": 0.0012368583797155227,
    "R_104": 0.0012368583797155227,
    "R_106": 0.0012368583797155227,
    "R_108": 0.0012368583797155227,
    "R_110": 0.0012368583797155227,
    "R_112": 0.0016491445062873633,
    "R_114": 0.0017522160379303236,
    "R_116": 0.0017522160379303236,
    "R_118": 0.0017522160379303236,
    "R_120": 0.0017522160379303236,
    "R_122": 0.002370645227788085,
    "R_124": 0.002370645227788085,
    "R_126": 0.002370645227788085,
    "R_128": 0.002370645227788085,
    "R_130": 0.002370645227788085,
    "R_132": 0.0026798598227169654,
    "R_134": 0.0026798598227169654,
    "R_136": 0.0026798598227169654,
    "R_138": 0.0026798598227169654,
    "R_140": 0.0026798598227169654,
    "R_142": 0.0032982890125747267,
    "R_144": 0.003401360544217687,
    "R_146": 0.003401360544217687,
    "R_148": 0.003401360544217687,
    "R_150": 0.003401360544217687,
    "R_152": 0.0041228612657184084,
    "R_154": 0.004329004329004329,
    "R_156": 0.004329004329004329,
    "R_158": 0.004329004329004329,
    "R_160": 0.004329004329004329,
    "R_162": 0.005359719645433931,
    "R_164": 0.005462791177076891,
    "R_166": 0.005462791177076891,
    "R_168": 0.005462791177076891,
    "R_170": 0.005462791177076891,
    "R_172": 0.006802721088435374,
    "R_174": 0.0070088641517212944,
    "R_176": 0.0070088641517212944,
    "R_178": 0.0070088641517212944,
    "R_180": 0.0070088641517212944,
    "R_182": 0.008451865594722737,
    "R_184": 0.008451865594722737,
    "R_186": 0.008451865594722737,
    "R_188": 0.008451865594722737,
    "R_190": 0.008451865594722737,
    "R_192": 0.009997938569367142,
    "R_194": 0.01020408163265306,
    "R_196": 0.01020408163265306,
    "R_198": 0.01020408163265306,
    "R_200": 0.01020408163265306,
    "R_202": 0.013605442176870748,
    "R_204": 0.013605442176870748,
    "R_206": 0.013605442176870748,
    "R_208": 0.013605442176870748,
    "R_210": 0.013605442176870748,
    "R_212": 0.016388373531230675,
    "R_214": 0.016491445062873634,
    "R_216": 0.016491445062873634,
    "R_218": 0.016491445062873634,
    "R_220": 0.016491445062873634,
    "R_222": 0.0191713048855906,
    "R_224": 0.019789734075448363,
    "R_226": 0.019789734075448363,
    "R_228": 0.019789734075448363,
    "R_230": 0.019789734075448363,
    "R_232": 0.02277880849309421,
    "R_234": 0.022881880024737167,
    "R_236": 0.022881880024737167,
    "R_238": 0.022881880024737167,
    "R_240": 0.022881880024737167,
    "R_242": 0.026592455163883734,
    "R_244": 0.026798598227169654,
    "R_246": 0.026798598227169654,
    "R_248": 0.026798598227169654,
    "R_250": 0.026901669758812616,
    "R_252": 0.031436817151102865,
    "R_254": 0.03164296021438879,
    "R_256": 0.03164296021438879,
    "R_258": 0.03164296021438879,
    "R_260": 0.03164296021438879,
    "R_262": 0.03638425066996496,
    "R_264": 0.0367965367965368,
    "R_266": 0.0367965367965368,
    "R_268": 0.0367965367965368,
    "R_270": 0.0367965367965368,
    "R_272": 0.041331684188827045,
    "R_274": 0.04215625644197073,
    "R_276": 0.04215625644197073,
    "R_278": 0.04215625644197073,
    "R_280": 0.04215625644197073,
    "R_282": 0.04782519068233354,
    "R_284": 0.04803133374561946,
    "R_286": 0.04803133374561946,
    "R_288": 0.04803133374561946,
    "R_290": 0.04803133374561946,
    "R_292": 0.05400948258091115,
    "R_294": 0.05473098330241188,
    "R_296": 0.05473098330241188,
    "R_298": 0.05473098330241188,
    "R_300": 0.05473098330241188,
    "R_302": 0.061533704390847245,
    "R_304": 0.06204906204906205,
    "R_306": 0.06204906204906205,
    "R_308": 0.06204906204906205,
    "R_310": 0.06204906204906205,
    "R_312": 0.0676149247577819,
    "R_314": 0.0681302824159967,
    "R_316": 0.0681302824159967,
    "R_318": 0.0681302824159967,
    "R_320": 0.0681302824159967,
    "R_322": 0.07637600494743352,
    "R_324": 0.07678829107400537,
    "R_326": 0.07678829107400537,
    "R_328": 0.07678829107400537,
    "R_330": 0.07678829107400537,
    "R_332": 0.0836940836940837,
    "R_334": 0.08420944135229849,
    "R_336": 0.08420944135229849,
    "R_338": 0.08420944135229849,
    "R_340": 0.08420944135229849,
    "R_342": 0.09121830550401978,
    "R_344": 0.09183673469387756,
    "R_346": 0.09183673469387756,
    "R_348": 0.09183673469387756,
    "R_350": 0.09183673469387756,
    "R_352": 0.09894867037724181,
    "R_354": 0.10028860028860029,
    "R_356": 0.10028860028860029,
    "R_358": 0.10028860028860029,
    "R_360": 0.10028860028860029,
    "R_362": 0.10874046588332302,
    "R_364": 0.10915275200989487,
    "R_366": 0.10915275200989487,
    "R_368": 0.10915275200989487,
    "R_370": 0.10915275200989487,
    "R_372": 0.1186353329210472,
    "R_374": 0.11966604823747681,
    "R_376": 0.11966604823747681,
    "R_378": 0.11966604823747681,
    "R_380": 0.11966604823747681,
    "R_382": 0.129560915275201,
    "R_384": 0.1305916305916306,
    "R_386": 0.1305916305916306,
    "R_388": 0.1305916305916306,
    "R_390": 0.1305916305916306,
    "R_392": 0.14089878375592663,
    "R_394": 0.14162028447742733,
    "R_396": 0.14162028447742733,
    "R_398": 0.14162028447742733,
    "R_400": 0.14162028447742733,
    "R_402": 0.15058750773036486,
    "R_404": 0.15161822304679448,
    "R_406": 0.15161822304679448,
    "R_408": 0.15161822304679448,
    "R_410": 0.15161822304679448,
    "R_412": 0.16378066378066378,
    "R_414": 0.1650175221603793,
    "R_416": 0.1650175221603793,
    "R_418": 0.1650175221603793,
    "R_420": 0.1650175221603793,
    "R_422": 0.17491238919810348,
    "R_424": 0.17604617604617603,
    "R_426": 0.17604617604617603,
    "R_428": 0.17604617604617603,
    "R_430": 0.17604617604617603,
    "R_432": 0.18511647083075655,
    "R_434": 0.18635332921047207,
    "R_436": 0.18635332921047207,
    "R_438": 0.18635332921047207,
    "R_440": 0.18635332921047207,
    "R_442": 0.19624819624819625,
    "R_444": 0.19789734075448362,
    "R_446": 0.19789734075448362,
    "R_448": 0.19789734075448362,
    "R_450": 0.19789734075448362,
    "R_452": 0.21170892599464028,
    "R_454": 0.21253349824778398,
    "R_456": 0.21253349824778398,
    "R_458": 0.21253349824778398,
    "R_460": 0.21253349824778398,
    "R_462": 0.22438672438672438,
    "R_464": 0.2256235827664399,