{
  "noc_parameters": {
    "size": [
      2,
      2
    ],
    "buffer_size": 4,
    "activity_thresh": 3,
    "injection_rate_numerator": 3,
    "injection_rate_denominator": 10,
    "resistive_noise_threshold": 1,
    "inductive_noise_threshold": 5
  },
  "modest_command": "modest <model_file> --unsafe --max-run-length 0 -D --rng MersenneTwister -E RESISTIVE_THRESH=1, INDUCTIVE_THRESH=5",
  "verification_time_sec": 244.17977738380432,
  "properties": {
    "R_1000": 0.8508554937126366,
    "R_1010": 0.8584827870542157,
    "R_1020": 0.8633271490414347,
    "R_1030": 0.8669346526489383,
    "R_1040": 0.8714698000412286,
    "R_1050": 0.8768295196866626,
    "R_1060": 0.8805400948258091,
    "R_1070": 0.8850752422180994,
    "R_1080": 0.8893011750154607,
    "R_1090": 0.8936301793444651,
    "R_1100": 0.8979591836734694,
    "R_1110": 0.9038342609771182,
    "R_1120": 0.9087816944959802,
    "R_1130": 0.9128014842300557,
    "R_1140": 0.9165120593692022,
    "R_1150": 0.9213564213564214,
    "R_1160": 0.9251700680272109,
    "R_1170": 0.9291898577612864,
    "R_1180": 0.9331065759637188,
    "R_1190": 0.9359925788497218,
    "R_1200": 0.9387755102040817,
    "R_1210": 0.9418676561533704,
    "R_1220": 0.9439290867862297,
    "R_1230": 0.9465058750773037,
    "R_1240": 0.9486703772418058,
    "R_1250": 0.9510410224695939,
    "R_1260": 0.9528963100391672,
    "R_1270": 0.9548546691403834,
    "R_1280": 0.9570191713048856,
    "R_1290": 0.9587713873428159,
    "R_1300": 0.9601113172541744,
    "R_1310": 0.9623788909503195,
    "R_1320": 0.963924963924964,
    "R_1330": 0.9656771799628943,
    "R_1340": 0.9668109668109668,
    "R_1350": 0.9683570397856112,
    "R_1360": 0.9703153988868275,
    "R_1370": 0.971346114203257,
    "R_1380": 0.9721706864564007,
    "R_1390": 0.9733044733044733,
    "R_1400": 0.9742321170892599,
    "R_1410": 0.9748505462791177,
    "R_1420": 0.9760874046588333,
    "R_1430": 0.9772211915069058,
    "R_1440": 0.9783549783549783,
    "R_1450": 0.9789734075448361,
    "R_1460": 0.979488765203051,
    "R_1470": 0.9802102659245516,
    "R_1480": 0.9807256235827665,
    "R_1490": 0.9812409812409812,
    "R_1500": 0.9821686250257678,
    "R_1510": 0.9828901257472686,
    "R_1520": 0.98433312719027,
    "R_1530": 0.9851576994434137,
    "R_1540": 0.9859822716965574,
    "R_1550": 0.9873222016079158,
    "R_1560": 0.9882498453927026,
    "R_1570": 0.9884559884559885,
    "R_1580": 0.9888682745825603,
    "R_1590": 0.9893836322407751,
    "R_1600": 0.989692846835704,
    "R_1610": 0.9900020614306329,
    "R_1620": 0.9903112760255618,
    "R_1630": 0.9906204906204906,
    "R_1640": 0.9913419913419913,
    "R_1650": 0.9918573490002062,
    "R_1660": 0.992166563595135,
    "R_1670": 0.9925788497217068,
    "R_1680": 0.9929911358482787,
    "R_1690": 0.9933003504432076,
    "R_1700": 0.9934034219748505,
    "R_1710": 0.9934034219748505,
    "R_1720": 0.9934034219748505,
    "R_1730": 0.9937126365697794,
    "R_1740": 0.9943310657596371,
    "R_1750": 0.9944341372912802,
    "R_1760": 0.9945372088229231,
    "R_1770": 0.9950525664811379,
    "R_1780": 0.9955679241393527,
    "R_1790": 0.9955679241393527,
    "R_1800": 0.9958771387342816,
    "R_1810": 0.9961863533292105,
    "R_1820": 0.9964955679241394,
    "R_1830": 0.9964955679241394,
    "R_1840": 0.9968047825190682,
    "R_1850": 0.9969078540507111,
    "R_1860": 0.9969078540507111,
    "R_1870": 0.9970109255823542,
    "R_1880": 0.9971139971139971,
    "R_1890": 0.997320140177283,
    "R_1900": 0.9975262832405689,
    "R_1910": 0.9975262832405689,
    "R_1920": 0.9975262832405689,
    "R_1930": 0.9975262832405689,
    "R_1940": 0.9976293547722119,
    "R_1950": 0.9977324263038548,
    "R_1960": 0.9979385693671408,
    "R_1970": 0.9980416408987838,
    "R_1980": 0.9981447124304267,
    "R_1990": 0.9981447124304267
  },
  "verification_type": "modes",
  "clock_cycle_bounds": [
    1000,
    1999
  ],
  "noc_model_file_path": "noc_model.modest",
  "raw_modest_output_path": "modest_output.txt"
}