{
  "noc_parameters": {
    "size": [
      3,
      3
    ],
    "buffer_size": 4,
    "activity_thresh": 3,
    "injection_rate_numerator": 3,
    "injection_rate_denominator": 10,
    "resistive_noise_threshold": null,
    "inductive_noise_threshold": null
  },
  "modest_command": "modest <model_file> --unsafe --max-run-length 0 -D --rng MersenneTwister -E ACTIVITY_THRESH=3",
  "verification_time_sec": 6.783378839492798,
  "properties": {
    "r0_R_1000": 0.12914862914862915,
    "r1_R_1000": 0.7532467532467533,
    "r2_R_1000": 0.1290455576169862,
    "r3_R_1000": 0.5008245722531437,
    "r4_R_1000": 0.9493918779633065,
    "r5_R_1000": 0.49371263656977943,
    "r6_R_1000": 0.1280148423005566,
    "r7_R_1000": 0.7575757575757576,
    "r8_R_1000": 0.12677798392084105
  },
  "verification_type": "modes",
  "clock_cycle_bounds": [
    1000,
    1000
  ],
  "noc_model_file_path": "noc_model.modest",
  "raw_modest_output_path": "modest_output.txt"
}