{
  "noc_parameters": {
    "size": [
      2,
      2
    ],
    "buffer_size": 4,
    "activity_thresh": 3,
    "injection_rate_numerator": 3,
    "injection_rate_denominator": 10,
    "resistive_noise_threshold": 5,
    "inductive_noise_threshold": 1
  },
  "modest_command": "modest <model_file> --unsafe --max-run-length 0 -D --rng MersenneTwister -E RESISTIVE_NOISE_THRESH=5, INDUCTIVE_NOISE_THRESH=1",
  "verification_time_sec": 62.08876848220825,
  "properties": {
    "\"R_0\"": 0.0,
    "\"R_1\"": 0.0,
    "\"R_2\"": 0.0,
    "\"R_3\"": 0.0,
    "\"R_4\"": 0.0,
    "\"R_5\"": 0.0,
    "\"R_6\"": 0.0,
    "\"R_7\"": 0.0,
    "\"R_8\"": 0.0,
    "\"R_9\"": 0.0,
    "\"R_10\"": 0.0,
    "\"R_11\"": 0.0022675736961451248,
    "\"R_12\"": 0.01422387136672851,
    "\"R_13\"": 0.017109874252731395,
    "\"R_14\"": 0.017109874252731395,
    "\"R_15\"": 0.017109874252731395,
    "\"R_16\"": 0.017109874252731395,
    "\"R_17\"": 0.017109874252731395,
    "\"R_18\"": 0.017109874252731395,
    "\"R_19\"": 0.017109874252731395,
    "\"R_20\"": 0.017109874252731395,
    "\"R_21\"": 0.03525046382189239,
    "\"R_22\"": 0.08276643990929705,
    "\"R_23\"": 0.0917336631622346,
    "\"R_24\"": 0.0917336631622346,
    "\"R_25\"": 0.0917336631622346,
    "\"R_26\"": 0.0917336631622346,
    "\"R_27\"": 0.0917336631622346,
    "\"R_28\"": 0.0917336631622346,
    "\"R_29\"": 0.0917336631622346,
    "\"R_30\"": 0.0917336631622346,
    "\"R_31\"": 0.13244691816120388,
    "\"R_32\"": 0.21366728509585653,
    "\"R_33\"": 0.22552051123479694,
    "\"R_34\"": 0.22552051123479694,
    "\"R_35\"": 0.22552051123479694,
    "\"R_36\"": 0.22552051123479694,
    "\"R_37\"": 0.22552051123479694,
    "\"R_38\"": 0.22552051123479694,
    "\"R_39\"": 0.22552051123479694,
    "\"R_40\"": 0.22552051123479694,
    "\"R_41\"": 0.28241599670171097,
    "\"R_42\"": 0.37806637806637805,
    "\"R_43\"": 0.39156874871160585,
    "\"R_44\"": 0.39156874871160585,
    "\"R_45\"": 0.39156874871160585,
    "\"R_46\"": 0.39156874871160585,
    "\"R_47\"": 0.39156874871160585,
    "\"R_48\"": 0.39156874871160585,
    "\"R_49\"": 0.39156874871160585,
    "\"R_50\"": 0.39156874871160585,
    "\"R_51\"": 0.4491857349000206,
    "\"R_52\"": 0.5399917542774686,
    "\"R_53\"": 0.5534941249226963,
    "\"R_54\"": 0.5534941249226963,
    "\"R_55\"": 0.5534941249226963,
    "\"R_56\"": 0.5534941249226963,
    "\"R_57\"": 0.5534941249226963,
    "\"R_58\"": 0.5534941249226963,
    "\"R_59\"": 0.5534941249226963,
    "\"R_60\"": 0.5534941249226963,
    "\"R_61\"": 0.6050298907441765,
    "\"R_62\"": 0.6789321789321789,
    "\"R_63\"": 0.6892393320964749,
    "\"R_64\"": 0.6892393320964749,
    "\"R_65\"": 0.6892393320964749,
    "\"R_66\"": 0.6892393320964749,
    "\"R_67\"": 0.6892393320964749,
    "\"R_68\"": 0.6892393320964749,
    "\"R_69\"": 0.6892393320964749,
    "\"R_70\"": 0.6892393320964749,
    "\"R_71\"": 0.7287157287157288,
    "\"R_72\"": 0.7879818594104309,
    "\"R_73\"": 0.7968460111317254,
    "\"R_74\"": 0.7968460111317254,
    "\"R_75\"": 0.7968460111317254,
    "\"R_76\"": 0.7968460111317254,
    "\"R_77\"": 0.7968460111317254,
    "\"R_78\"": 0.7968460111317254,
    "\"R_79\"": 0.7968460111317254,
    "\"R_80\"": 0.7968460111317254,
    "\"R_81\"": 0.8267367553081839,
    "\"R_82\"": 0.8668315811172954,
    "\"R_83\"": 0.873015873015873,
    "\"R_84\"": 0.873015873015873,
    "\"R_85\"": 0.873015873015873,
    "\"R_86\"": 0.873015873015873,
    "\"R_87\"": 0.873015873015873,
    "\"R_88\"": 0.873015873015873,
    "\"R_89\"": 0.873015873015873,
    "\"R_90\"": 0.873015873015873,
    "\"R_91\"": 0.8920841063698206,
    "\"R_92\"": 0.9169243454957741,
    "\"R_93\"": 0.9210472067614924,
    "\"R_94\"": 0.9210472067614924,
    "\"R_95\"": 0.9210472067614924,
    "\"R_96\"": 0.9210472067614924,
    "\"R_97\"": 0.9210472067614924,
    "\"R_98\"": 0.9210472067614924,
    "\"R_99\"": 0.9210472067614924
  },
  "verification_type": "modes",
  "clock_cycle_bounds": [
    0,
    99
  ],
  "noc_model_file_path": "noc_model.modest",
  "raw_modest_output_path": "modest_output.txt"
}