{
  "noc_parameters": {
    "size": [
      2,
      2
    ],
    "buffer_size": 4,
    "activity_thresh": 3,
    "injection_rate_numerator": 3,
    "injection_rate_denominator": 10,
    "resistive_noise_threshold": 1,
    "inductive_noise_threshold": 10
  },
  "modest_command": "modest <model_file> --unsafe --max-run-length 0 -D --rng MersenneTwister -E RESISTIVE_THRESH=1, INDUCTIVE_THRESH=10",
  "verification_time_sec": 328.01908826828003,
  "properties": {
    "R_0": 0.0,
    "R_10": 0.0,
    "R_20": 0.0,
    "R_30": 0.0,
    "R_40": 0.0,
    "R_50": 0.0,
    "R_60": 0.0,
    "R_70": 0.0,
    "R_80": 0.0,
    "R_90": 0.0,
    "R_100": 0.0,
    "R_110": 0.0,
    "R_120": 0.0,
    "R_130": 0.0,
    "R_140": 0.0,
    "R_150": 0.0,
    "R_160": 0.0,
    "R_170": 0.0,
    "R_180": 0.0,
    "R_190": 0.0,
    "R_200": 0.0,
    "R_210": 0.0,
    "R_220": 0.00020614306328592042,
    "R_230": 0.00020614306328592042,
    "R_240": 0.00030921459492888067,
    "R_250": 0.00041228612657184083,
    "R_260": 0.0005153576582148011,
    "R_270": 0.0007215007215007215,
    "R_280": 0.0007215007215007215,
    "R_290": 0.0009276437847866419,
    "R_300": 0.0010307153164296021,
    "R_310": 0.0012368583797155227,
    "R_320": 0.0015460729746444033,
    "R_330": 0.0017522160379303236,
    "R_340": 0.0020614306328592042,
    "R_350": 0.0022675736961451248,
    "R_360": 0.0030921459492888066,
    "R_370": 0.0037105751391465678,
    "R_380": 0.0045351473922902496,
    "R_390": 0.005256648113790971,
    "R_400": 0.005875077303648732,
    "R_410": 0.0070088641517212944,
    "R_420": 0.008039579468150896,
    "R_430": 0.00927643784786642,
    "R_440": 0.010101010101010102,
    "R_450": 0.011853226138940425,
    "R_460": 0.01453308596165739,
    "R_470": 0.016594516594516596,
    "R_480": 0.01855287569573284,
    "R_490": 0.020717377860235003,
    "R_500": 0.022263450834879406,
    "R_510": 0.02463409606266749,
    "R_520": 0.026489383632240775,
    "R_530": 0.02865388579674294,
    "R_540": 0.031436817151102865,
    "R_550": 0.03421974850546279,
    "R_560": 0.036590393733250876,
    "R_570": 0.03968253968253968,
    "R_580": 0.04298082869511441,
    "R_590": 0.04627911770768914,
    "R_600": 0.050195835910121625,
    "R_610": 0.05411255411255411,
    "R_620": 0.058647701504844364,
    "R_630": 0.06225520511234797,
    "R_640": 0.06771799628942486,
    "R_650": 0.07153164296021439,
    "R_660": 0.07761286332714905,
    "R_670": 0.08256029684601113,
    "R_680": 0.08905380333951762,
    "R_690": 0.09544423830138116,
    "R_700": 0.10142238713667286,
    "R_710": 0.10812203669346526,
    "R_720": 0.11585240156668727,
    "R_730": 0.12162440733869305,
    "R_740": 0.1292517006802721,
    "R_750": 0.13739435168006597,
    "R_760": 0.1463615749330035,
    "R_770": 0.15481344052772625,
    "R_780": 0.16491445062873633,
    "R_790": 0.17316017316017315,
    "R_800": 0.18171511028653886,
    "R_810": 0.19047619047619047,
    "R_820": 0.20088641517212946,
    "R_830": 0.20964749536178107,
    "R_840": 0.2191300762729334,
    "R_850": 0.22840651412079985,
    "R_860": 0.2375798804370233,
    "R_870": 0.24592867450010308,
    "R_880": 0.2533498247783962,
    "R_890": 0.2650999793856937,
    "R_900": 0.27757163471449187,
    "R_910": 0.28612657184085755,
    "R_920": 0.29777365491651203,
    "R_930": 0.30643166357452073,
    "R_940": 0.31776953205524633,
    "R_950": 0.3271490414347557,
    "R_960": 0.33745619459905174,
    "R_970": 0.3469387755102041,
    "R_980": 0.36054421768707484,
    "R_990": 0.3711605854462997
  },
  "verification_type": "modes",
  "clock_cycle_bounds": [
    0,
    999
  ],
  "noc_model_file_path": "noc_model.modest",
  "raw_modest_output_path": "modest_output.txt"
}