{
  "noc_parameters": {
    "size": [
      2,
      2
    ],
    "buffer_size": 4,
    "activity_thresh": 3,
    "injection_rate_numerator": 3,
    "injection_rate_denominator": 10,
    "resistive_noise_threshold": 1,
    "inductive_noise_threshold": 1
  },
  "modest_command": "modest <model_file> --unsafe --max-run-length 0 -D --rng MersenneTwister -E RESISTIVE_NOISE_THRESH=1, INDUCTIVE_NOISE_THRESH=1",
  "verification_time_sec": 16.01651406288147,
  "properties": {
    "\"R_0\"": 0.0,
    "\"R_1\"": 0.2758194186765615,
    "\"R_2\"": 0.5120593692022264,
    "\"R_3\"": 0.5541125541125541,
    "\"R_4\"": 0.5541125541125541,
    "\"R_5\"": 0.5541125541125541,
    "\"R_6\"": 0.5541125541125541,
    "\"R_7\"": 0.5541125541125541,
    "\"R_8\"": 0.5541125541125541,
    "\"R_9\"": 0.5541125541125541,
    "\"R_10\"": 0.5541125541125541,
    "\"R_11\"": 0.6730571016285302,
    "\"R_12\"": 0.7902494331065759,
    "\"R_13\"": 0.8085961657390229,
    "\"R_14\"": 0.8085961657390229,
    "\"R_15\"": 0.8085961657390229,
    "\"R_16\"": 0.8085961657390229,
    "\"R_17\"": 0.8085961657390229,
    "\"R_18\"": 0.8085961657390229,
    "\"R_19\"": 0.8085961657390229,
    "\"R_20\"": 0.8085961657390229,
    "\"R_21\"": 0.8617810760667903,
    "\"R_22\"": 0.9112554112554112,
    "\"R_23\"": 0.9182642754071325,
    "\"R_24\"": 0.9182642754071325,
    "\"R_25\"": 0.9182642754071325,
    "\"R_26\"": 0.9182642754071325,
    "\"R_27\"": 0.9182642754071325,
    "\"R_28\"": 0.9182642754071325,
    "\"R_29\"": 0.9182642754071325,
    "\"R_30\"": 0.9182642754071325,
    "\"R_31\"": 0.9406307977736549,
    "\"R_32\"": 0.9622758194186766,
    "\"R_33\"": 0.9644403215831787,
    "\"R_34\"": 0.9644403215831787,
    "\"R_35\"": 0.9644403215831787,
    "\"R_36\"": 0.9644403215831787,
    "\"R_37\"": 0.9644403215831787,
    "\"R_38\"": 0.9644403215831787,
    "\"R_39\"": 0.9644403215831787,
    "\"R_40\"": 0.9644403215831787,
    "\"R_41\"": 0.9733044733044733,
    "\"R_42\"": 0.9821686250257678,
    "\"R_43\"": 0.9841269841269841,
    "\"R_44\"": 0.9841269841269841,
    "\"R_45\"": 0.9841269841269841,
    "\"R_46\"": 0.9841269841269841,
    "\"R_47\"": 0.9841269841269841,
    "\"R_48\"": 0.9841269841269841,
    "\"R_49\"": 0.9841269841269841,
    "\"R_50\"": 0.9841269841269841,
    "\"R_51\"": 0.9876314162028448,
    "\"R_52\"": 0.9919604205318491,
    "\"R_53\"": 0.9927849927849928,
    "\"R_54\"": 0.9927849927849928,
    "\"R_55\"": 0.9927849927849928,
    "\"R_56\"": 0.9927849927849928,
    "\"R_57\"": 0.9927849927849928,
    "\"R_58\"": 0.9927849927849928,
    "\"R_59\"": 0.9927849927849928,
    "\"R_60\"": 0.9927849927849928,
    "\"R_61\"": 0.9949494949494949,
    "\"R_62\"": 0.9969078540507111,
    "\"R_63\"": 0.997423211708926,
    "\"R_64\"": 0.997423211708926,
    "\"R_65\"": 0.997423211708926,
    "\"R_66\"": 0.997423211708926,
    "\"R_67\"": 0.997423211708926,
    "\"R_68\"": 0.997423211708926,
    "\"R_69\"": 0.997423211708926,
    "\"R_70\"": 0.997423211708926,
    "\"R_71\"": 0.9980416408987838,
    "\"R_72\"": 0.9985569985569985,
    "\"R_73\"": 0.9985569985569985,
    "\"R_74\"": 0.9985569985569985,
    "\"R_75\"": 0.9985569985569985,
    "\"R_76\"": 0.9985569985569985,
    "\"R_77\"": 0.9985569985569985,
    "\"R_78\"": 0.9985569985569985,
    "\"R_79\"": 0.9985569985569985,
    "\"R_80\"": 0.9985569985569985,
    "\"R_81\"": 0.9989692846835704,
    "\"R_82\"": 0.9992784992784993,
    "\"R_83\"": 0.9995877138734282,
    "\"R_84\"": 0.9995877138734282,
    "\"R_85\"": 0.9995877138734282,
    "\"R_86\"": 0.9995877138734282,
    "\"R_87\"": 0.9995877138734282,
    "\"R_88\"": 0.9995877138734282,
    "\"R_89\"": 0.9995877138734282,
    "\"R_90\"": 0.9995877138734282,
    "\"R_91\"": 0.9996907854050712,
    "\"R_92\"": 0.9997938569367141,
    "\"R_93\"": 0.9997938569367141,
    "\"R_94\"": 0.9997938569367141,
    "\"R_95\"": 0.9997938569367141,
    "\"R_96\"": 0.9997938569367141,
    "\"R_97\"": 0.9997938569367141,
    "\"R_98\"": 0.9997938569367141,
    "\"R_99\"": 0.9997938569367141
  },
  "verification_type": "modes",
  "clock_cycle_bounds": [
    0,
    99
  ],
  "noc_model_file_path": "noc_model.modest",
  "raw_modest_output_path": "modest_output.txt"
}