{
  "noc_parameters": {
    "size": [
      2,
      2
    ],
    "buffer_size": 4,
    "activity_thresh": 3,
    "injection_rate_numerator": 3,
    "injection_rate_denominator": 10,
    "resistive_noise_threshold": 1,
    "inductive_noise_threshold": 1
  },
  "modest_command": "modest <model_file> --unsafe --max-run-length 0 -D --rng MersenneTwister -E RESISTIVE_THRESH=1, INDUCTIVE_THRESH=1",
  "verification_time_sec": 7.749334335327148,
  "properties": {
    "\"R_0\"": 0.0,
    "\"R_1\"": 0.27819006390434964,
    "\"R_2\"": 0.5160791589363017,
    "\"R_3\"": 0.5602968460111317,
    "\"R_4\"": 0.5602968460111317,
    "\"R_5\"": 0.5602968460111317,
    "\"R_6\"": 0.5602968460111317,
    "\"R_7\"": 0.5602968460111317,
    "\"R_8\"": 0.5602968460111317,
    "\"R_9\"": 0.5602968460111317,
    "\"R_10\"": 0.5602968460111317,
    "\"R_11\"": 0.6801690373118945,
    "\"R_12\"": 0.7912801484230055,
    "\"R_13\"": 0.8092145949288806,
    "\"R_14\"": 0.8092145949288806,
    "\"R_15\"": 0.8092145949288806,
    "\"R_16\"": 0.8092145949288806,
    "\"R_17\"": 0.8092145949288806,
    "\"R_18\"": 0.8092145949288806,
    "\"R_19\"": 0.8092145949288806,
    "\"R_20\"": 0.8092145949288806,
    "\"R_21\"": 0.8612657184085756,
    "\"R_22\"": 0.9134199134199135,
    "\"R_23\"": 0.9203257060399918,
    "\"R_24\"": 0.9203257060399918,
    "\"R_25\"": 0.9203257060399918,
    "\"R_26\"": 0.9203257060399918,
    "\"R_27\"": 0.9203257060399918,
    "\"R_28\"": 0.9203257060399918,
    "\"R_29\"": 0.9203257060399918,
    "\"R_30\"": 0.9203257060399918,
    "\"R_31\"": 0.943001443001443,
    "\"R_32\"": 0.963718820861678,
    "\"R_33\"": 0.9671201814058957,
    "\"R_34\"": 0.9671201814058957,
    "\"R_35\"": 0.9671201814058957,
    "\"R_36\"": 0.9671201814058957,
    "\"R_37\"": 0.9671201814058957,
    "\"R_38\"": 0.9671201814058957,
    "\"R_39\"": 0.9671201814058957,
    "\"R_40\"": 0.9671201814058957,
    "\"R_41\"": 0.976602762317048,
    "\"R_42\"": 0.9855699855699855,
    "\"R_43\"": 0.9863945578231292,
    "\"R_44\"": 0.9863945578231292,
    "\"R_45\"": 0.9863945578231292,
    "\"R_46\"": 0.9863945578231292,
    "\"R_47\"": 0.9863945578231292,
    "\"R_48\"": 0.9863945578231292,
    "\"R_49\"": 0.9863945578231292,
    "\"R_50\"": 0.9863945578231292,
    "\"R_51\"": 0.9903112760255618,
    "\"R_52\"": 0.9941249226963512,
    "\"R_53\"": 0.994743351886209,
    "\"R_54\"": 0.994743351886209,
    "\"R_55\"": 0.994743351886209,
    "\"R_56\"": 0.994743351886209,
    "\"R_57\"": 0.994743351886209,
    "\"R_58\"": 0.994743351886209,
    "\"R_59\"": 0.994743351886209,
    "\"R_60\"": 0.994743351886209,
    "\"R_61\"": 0.9957740672026386,
    "\"R_62\"": 0.9970109255823542,
    "\"R_63\"": 0.9970109255823542,
    "\"R_64\"": 0.9970109255823542,
    "\"R_65\"": 0.9970109255823542,
    "\"R_66\"": 0.9970109255823542,
    "\"R_67\"": 0.9970109255823542,
    "\"R_68\"": 0.9970109255823542,
    "\"R_69\"": 0.9970109255823542,
    "\"R_70\"": 0.9970109255823542,
    "\"R_71\"": 0.9976293547722119,
    "\"R_72\"": 0.9983508554937126,
    "\"R_73\"": 0.9985569985569985,
    "\"R_74\"": 0.9985569985569985,
    "\"R_75\"": 0.9985569985569985,
    "\"R_76\"": 0.9985569985569985,
    "\"R_77\"": 0.9985569985569985,
    "\"R_78\"": 0.9985569985569985,
    "\"R_79\"": 0.9985569985569985,
    "\"R_80\"": 0.9985569985569985,
    "\"R_81\"": 0.9990723562152134,
    "\"R_82\"": 0.9993815708101422,
    "\"R_83\"": 0.9993815708101422,
    "\"R_84\"": 0.9993815708101422,
    "\"R_85\"": 0.9993815708101422,
    "\"R_86\"": 0.9993815708101422,
    "\"R_87\"": 0.9993815708101422,
    "\"R_88\"": 0.9993815708101422,
    "\"R_89\"": 0.9993815708101422,
    "\"R_90\"": 0.9993815708101422,
    "\"R_91\"": 0.9996907854050712,
    "\"R_92\"": 1.0,
    "\"R_93\"": 1.0,
    "\"R_94\"": 1.0,
    "\"R_95\"": 1.0,
    "\"R_96\"": 1.0,
    "\"R_97\"": 1.0,
    "\"R_98\"": 1.0,
    "\"R_99\"": 1.0
  },
  "verification_type": "modes",
  "clock_cycle_bounds": [
    0,
    99
  ],
  "noc_model_file_path": "noc_model.modest",
  "raw_modest_output_path": "modest_output.txt"
}