{
  "noc_parameters": {
    "size": [
      2,
      2
    ],
    "buffer_size": 4,
    "activity_thresh": 3,
    "injection_rate_numerator": 3,
    "injection_rate_denominator": 10,
    "resistive_noise_threshold": null,
    "inductive_noise_threshold": null
  },
  "modest_command": "modest <model_file> --max-run-length 0 -D --unsafe --rng MersenneTwister -E ACTIVITY_THRESH=3,NOC_MESH_WIDTH=2,NOC_MESH_HEIGHT=2,BURST=40,SLEEP=200,INIT_SLEEP_OFFSET=10,INIT_SLEEP_SCALE=2.5",
  "verification_time_sec": 18.33533263206482,
  "properties": {
    "r0_R_0": 0.0,
    "r0_R_10": 0.0,
    "r0_R_20": 0.40960626674912387,
    "r0_R_30": 0.8749742321170892,
    "r0_R_40": 0.974025974025974,
    "r0_R_50": 0.9956709956709957,
    "r0_R_60": 0.9977324263038548,
    "r0_R_70": 0.9977324263038548,
    "r0_R_80": 0.9977324263038548,
    "r0_R_90": 0.9977324263038548,
    "r0_R_100": 0.9977324263038548,
    "r0_R_110": 0.9977324263038548,
    "r0_R_120": 0.9977324263038548,
    "r0_R_130": 0.9977324263038548,
    "r0_R_140": 0.9977324263038548,
    "r0_R_150": 0.9977324263038548,
    "r0_R_160": 0.9977324263038548,
    "r0_R_170": 0.9977324263038548,
    "r0_R_180": 0.9977324263038548,
    "r0_R_190": 0.9977324263038548,
    "r0_R_200": 0.9977324263038548,
    "r0_R_210": 0.9977324263038548,
    "r0_R_220": 0.9977324263038548,
    "r0_R_230": 0.9977324263038548,
    "r0_R_240": 0.9977324263038548,
    "r0_R_250": 0.9977324263038548,
    "r0_R_260": 0.9978354978354979,
    "r0_R_270": 0.9990723562152134,
    "r0_R_280": 0.9996907854050712,
    "r0_R_290": 1.0,
    "r0_R_300": 1.0,
    "r0_R_310": 1.0,
    "r0_R_320": 1.0,
    "r0_R_330": 1.0,
    "r0_R_340": 1.0,
    "r0_R_350": 1.0,
    "r0_R_360": 1.0,
    "r0_R_370": 1.0,
    "r0_R_380": 1.0,
    "r0_R_390": 1.0,
    "r0_R_400": 1.0,
    "r0_R_410": 1.0,
    "r0_R_420": 1.0,
    "r0_R_430": 1.0,
    "r0_R_440": 1.0,
    "r0_R_450": 1.0,
    "r0_R_460": 1.0,
    "r0_R_470": 1.0,
    "r0_R_480": 1.0,
    "r0_R_490": 1.0,
    "r0_R_500": 1.0,
    "r0_R_510": 1.0,
    "r0_R_520": 1.0,
    "r0_R_530": 1.0,
    "r0_R_540": 1.0,
    "r0_R_550": 1.0,
    "r0_R_560": 1.0,
    "r0_R_570": 1.0,
    "r0_R_580": 1.0,
    "r0_R_590": 1.0,
    "r0_R_600": 1.0,
    "r0_R_610": 1.0,
    "r0_R_620": 1.0,
    "r0_R_630": 1.0,
    "r0_R_640": 1.0,
    "r0_R_650": 1.0,
    "r0_R_660": 1.0,
    "r0_R_670": 1.0,
    "r0_R_680": 1.0,
    "r0_R_690": 1.0,
    "r0_R_700": 1.0,
    "r0_R_710": 1.0,
    "r0_R_720": 1.0,
    "r0_R_730": 1.0,
    "r0_R_740": 1.0,
    "r0_R_750": 1.0,
    "r0_R_760": 1.0,
    "r0_R_770": 1.0,
    "r0_R_780": 1.0,
    "r0_R_790": 1.0,
    "r0_R_800": 1.0,
    "r0_R_810": 1.0,
    "r0_R_820": 1.0,
    "r0_R_830": 1.0,
    "r0_R_840": 1.0,
    "r0_R_850": 1.0,
    "r0_R_860": 1.0,
    "r0_R_870": 1.0,
    "r0_R_880": 1.0,
    "r0_R_890": 1.0,
    "r0_R_900": 1.0,
    "r0_R_910": 1.0,
    "r0_R_920": 1.0,
    "r0_R_930": 1.0,
    "r0_R_940": 1.0,
    "r0_R_950": 1.0,
    "r0_R_960": 1.0,
    "r0_R_970": 1.0,
    "r0_R_980": 1.0,
    "r0_R_990": 1.0,
    "r0_R_1000": 1.0,
    "r1_R_0": 0.0,
    "r1_R_10": 0.0,
    "r1_R_20": 0.35353535353535354,
    "r1_R_30": 0.8658008658008658,
    "r1_R_40": 0.9726860441146156,
    "r1_R_50": 0.994743351886209,
    "r1_R_60": 0.997423211708926,
    "r1_R_70": 0.997423211708926,
    "r1_R_80": 0.997423211708926,
    "r1_R_90": 0.997423211708926,
    "r1_R_100": 0.997423211708926,
    "r1_R_110": 0.997423211708926,
    "r1_R_120": 0.997423211708926,
    "r1_R_130": 0.997423211708926,
    "r1_R_140": 0.997423211708926,
    "r1_R_150": 0.997423211708926,
    "r1_R_160": 0.997423211708926,
    "r1_R_170": 0.997423211708926,
    "r1_R_180": 0.997423211708926,
    "r1_R_190": 0.997423211708926,
    "r1_R_200": 0.997423211708926,
    "r1_R_210": 0.997423211708926,
    "r1_R_220": 0.997423211708926,
    "r1_R_230": 0.997423211708926,
    "r1_R_240": 0.997423211708926,
    "r1_R_250": 0.997423211708926,
    "r1_R_260": 0.9975262832405689,
    "r1_R_270": 0.9994846423417852,
    "r1_R_280": 0.9997938569367141,
    "r1_R_290": 1.0,
    "r1_R_300": 1.0,
    "r1_R_310": 1.0,
    "r1_R_320": 1.0,
    "r1_R_330": 1.0,
    "r1_R_340": 1.0,
    "r1_R_350": 1.0,
    "r1_R_360": 1.0,
    "r1_R_370": 1.0,
    "r1_R_380": 1.0,
    "r1_R_390": 1.0,
    "r1_R_400": 1.0,
    "r1_R_410": 1.0,
    "r1_R_420": 1.0,
    "r1_R_430": 1.0,
    "r1_R_440": 1.0,
    "r1_R_450": 1.0,
    "r1_R_460": 1.0,
    "r1_R_470": 1.0,
    "r1_R_480": 1.0,
    "r1_R_490": 1.0,
    "r1_R_500": 1.0,
    "r1_R_510": 1.0,
    "r1_R_520": 1.0,
    "r1_R_530": 1.0,
    "r1_R_540": 1.0,
    "r1_R_550": 1.0,
    "r1_R_560": 1.0,
    "r1_R_570": 1.0,
    "r1_R_580": 1.0,
    "r1_R_590": 1.0,
    "r1_R_600": 1.0,
    "r1_R_610": 1.0,
    "r1_R_620": 1.0,
    "r1_R_630": 1.0,
    "r1_R_640": 1.0,
    "r1_R_650": 1.0,
    "r1_R_660": 1.0,
    "r1_R_670": 1.0,
    "r1_R_680": 1.0,
    "r1_R_690": 1.0,
    "r1_R_700": 1.0,
    "r1_R_710": 1.0,
    "r1_R_720": 1.0,
    "r1_R_730": 1.0,
    "r1_R_740": 1.0,
    "r1_R_750": 1.0,
    "r1_R_760": 1.0,
    "r1_R_770": 1.0,
    "r1_R_780": 1.0,
    "r1_R_790": 1.0,
    "r1_R_800": 1.0,
    "r1_R_810": 1.0,
    "r1_R_820": 1.0,
    "r1_R_830": 1.0,
    "r1_R_840": 1.0,
    "r1_R_850": 1.0,
    "r1_R_860": 1.0,
    "r1_R_870": 1.0,
    "r1_R_880": 1.0,
    "r1_R_890": 1.0,
    "r1_R_900": 1.0,
    "r1_R_910": 1.0,
    "r1_R_920": 1.0,
    "r1_R_930": 1.0,
    "r1_R_940": 1.0,
    "r1_R_950": 1.0,
    "r1_R_960": 1.0,
    "r1_R_970": 1.0,
    "r1_R_980": 1.0,
    "r1_R_990": 1.0,
    "r1_R_1000": 1.0,
    "r2_R_0": 0.0,
    "r2_R_10": 0.0,
    "r2_R_20": 0.2955060812203669,
    "r2_R_30": 0.8396206967635539,
    "r2_R_40": 0.9686662543805401,
    "r2_R_50": 0.9931972789115646,
    "r2_R_60": 0.9979385693671408,
    "r2_R_70": 0.9980416408987838,
    "r2_R_80": 0.9980416408987838,
    "r2_R_90": 0.9980416408987838,
    "r2_R_100": 0.9980416408987838,
    "r2_R_110": 0.9980416408987838,
    "r2_R_120": 0.9980416408987838,
    "r2_R_130": 0.9980416408987838,
    "r2_R_140": 0.9980416408987838,
    "r2_R_150": 0.9980416408987838,
    "r2_R_160": 0.9980416408987838,
    "r2_R_170": 0.9980416408987838,
    "r2_R_180": 0.9980416408987838,
    "r2_R_190": 0.9980416408987838,
    "r2_R_200": 0.9980416408987838,
    "r2_R_210": 0.9980416408987838,
    "r2_R_220": 0.9980416408987838,
    "r2_R_230": 0.9980416408987838,
    "r2_R_240": 0.9980416408987838,
    "r2_R_250": 0.9980416408987838,
    "r2_R_260": 0.9982477839620697,
    "r2_R_270": 0.9989692846835704,
    "r2_R_280": 0.9998969284683571,
    "r2_R_290": 1.0,
    "r2_R_300": 1.0,
    "r2_R_310": 1.0,
    "r2_R_320": 1.0,
    "r2_R_330": 1.0,
    "r2_R_340": 1.0,
    "r2_R_350": 1.0,
    "r2_R_360": 1.0,
    "r2_R_370": 1.0,
    "r2_R_380": 1.0,
    "r2_R_390": 1.0,
    "r2_R_400": 1.0,
    "r2_R_410": 1.0,
    "r2_R_420": 1.0,
    "r2_R_430": 1.0,
    "r2_R_440": 1.0,
    "r2_R_450": 1.0,
    "r2_R_460": 1.0,
    "r2_R_470": 1.0,
    "r2_R_480": 1.0,
    "r2_R_490": 1.0,
    "r2_R_500": 1.0,
    "r2_R_510": 1.0,
    "r2_R_520": 1.0,
    "r2_R_530": 1.0,
    "r2_R_540": 1.0,
    "r2_R_550": 1.0,
    "r2_R_560": 1.0,
    "r2_R_570": 1.0,
    "r2_R_580": 1.0,
    "r2_R_590": 1.0,
    "r2_R_600": 1.0,
    "r2_R_610": 1.0,
    "r2_R_620": 1.0,
    "r2_R_630": 1.0,
    "r2_R_640": 1.0,
    "r2_R_650": 1.0,
    "r2_R_660": 1.0,
    "r2_R_670": 1.0,
    "r2_R_680": 1.0,
    "r2_R_690": 1.0,
    "r2_R_700": 1.0,
    "r2_R_710": 1.0,
    "r2_R_720": 1.0,
    "r2_R_730": 1.0,
    "r2_R_740": 1.0,
    "r2_R_750": 1.0,
    "r2_R_760": 1.0,
    "r2_R_770": 1.0,
    "r2_R_780": 1.0,
    "r2_R_790": 1.0,
    "r2_R_800": 1.0,
    "r2_R_810": 1.0,
    "r2_R_820": 1.0,
    "r2_R_830": 1.0,
    "r2_R_840": 1.0,
    "r2_R_850": 1.0,
    "r2_R_860": 1.0,
    "r2_R_870": 1.0,
    "r2_R_880": 1.0,
    "r2_R_890": 1.0,
    "r2_R_900": 1.0,
    "r2_R_910": 1.0,
    "r2_R_920": 1.0,
    "r2_R_930": 1.0,
    "r2_R_940": 1.0,
    "r2_R_950": 1.0,
    "r2_R_960": 1.0,