{
  "noc_parameters": {
    "size": [
      2,
      2
    ],
    "buffer_size": 4,
    "activity_thresh": 3,
    "injection_rate_numerator": 3,
    "injection_rate_denominator": 10,
    "resistive_noise_threshold": null,
    "inductive_noise_threshold": null
  },
  "modest_command": "modest <model_file> --max-run-length 0 -D --rng MersenneTwister -E ACTIVITY_THRESH=3,NOC_MESH_WIDTH=2,NOC_MESH_HEIGHT=2",
  "verification_time_sec": 802.631498336792,
  "properties": {
    "r0_R_400": 0.7541743970315399,
    "r0_R_402": 0.7541743970315399,
    "r0_R_404": 0.7541743970315399,
    "r0_R_406": 0.7541743970315399,
    "r0_R_408": 0.7541743970315399,
    "r0_R_410": 0.7541743970315399,
    "r0_R_412": 0.7541743970315399,
    "r0_R_414": 0.7544836116264688,
    "r0_R_416": 0.766852195423624,
    "r0_R_418": 0.8092145949288806,
    "r0_R_420": 0.8518862090290662,
    "r0_R_422": 0.8899196042053185,
    "r0_R_424": 0.9180581323438466,
    "r0_R_426": 0.929911358482787,
    "r0_R_428": 0.9333127190270047,
    "r0_R_430": 0.9338280766852195,
    "r0_R_432": 0.9339311482168625,
    "r0_R_434": 0.9339311482168625,
    "r0_R_436": 0.9339311482168625,
    "r0_R_438": 0.9339311482168625,
    "r0_R_440": 0.9339311482168625,
    "r0_R_442": 0.9339311482168625,
    "r0_R_444": 0.9339311482168625,
    "r0_R_446": 0.9339311482168625,
    "r0_R_448": 0.9339311482168625,
    "r0_R_450": 0.9339311482168625,
    "r0_R_452": 0.9339311482168625,
    "r0_R_454": 0.9339311482168625,
    "r0_R_456": 0.9339311482168625,
    "r0_R_458": 0.9339311482168625,
    "r0_R_460": 0.9339311482168625,
    "r0_R_462": 0.9339311482168625,
    "r0_R_464": 0.9339311482168625,
    "r0_R_466": 0.9339311482168625,
    "r0_R_468": 0.9339311482168625,
    "r0_R_470": 0.9339311482168625,
    "r0_R_472": 0.9339311482168625,
    "r0_R_474": 0.9339311482168625,
    "r0_R_476": 0.9339311482168625,
    "r0_R_478": 0.9339311482168625,
    "r0_R_480": 0.9339311482168625,
    "r0_R_482": 0.9339311482168625,
    "r0_R_484": 0.9339311482168625,
    "r0_R_486": 0.9339311482168625,
    "r0_R_488": 0.9339311482168625,
    "r0_R_490": 0.9339311482168625,
    "r0_R_492": 0.9339311482168625,
    "r0_R_494": 0.9339311482168625,
    "r0_R_496": 0.9339311482168625,
    "r0_R_498": 0.9339311482168625,
    "r0_R_500": 0.9339311482168625,
    "r1_R_400": 0.7339723768295197,
    "r1_R_402": 0.7339723768295197,
    "r1_R_404": 0.7339723768295197,
    "r1_R_406": 0.7339723768295197,
    "r1_R_408": 0.7339723768295197,
    "r1_R_410": 0.7339723768295197,
    "r1_R_412": 0.7339723768295197,
    "r1_R_414": 0.7340754483611627,
    "r1_R_416": 0.7458256029684601,
    "r1_R_418": 0.7831374974232117,
    "r1_R_420": 0.8251906823335394,
    "r1_R_422": 0.8684807256235828,
    "r1_R_424": 0.8983714698000412,
    "r1_R_426": 0.9124922696351268,
    "r1_R_428": 0.9158936301793444,
    "r1_R_430": 0.9159967017109875,
    "r1_R_432": 0.9159967017109875,
    "r1_R_434": 0.9159967017109875,
    "r1_R_436": 0.9159967017109875,
    "r1_R_438": 0.9159967017109875,
    "r1_R_440": 0.9159967017109875,
    "r1_R_442": 0.9159967017109875,
    "r1_R_444": 0.9159967017109875,
    "r1_R_446": 0.9159967017109875,
    "r1_R_448": 0.9159967017109875,
    "r1_R_450": 0.9159967017109875,
    "r1_R_452": 0.9159967017109875,
    "r1_R_454": 0.9159967017109875,
    "r1_R_456": 0.9159967017109875,
    "r1_R_458": 0.9159967017109875,
    "r1_R_460": 0.9159967017109875,
    "r1_R_462": 0.9159967017109875,
    "r1_R_464": 0.9159967017109875,
    "r1_R_466": 0.9159967017109875,
    "r1_R_468": 0.9159967017109875,
    "r1_R_470": 0.9159967017109875,
    "r1_R_472": 0.9159967017109875,
    "r1_R_474": 0.9159967017109875,
    "r1_R_476": 0.9159967017109875,
    "r1_R_478": 0.9159967017109875,
    "r1_R_480": 0.9159967017109875,
    "r1_R_482": 0.9159967017109875,
    "r1_R_484": 0.9159967017109875,
    "r1_R_486": 0.9159967017109875,
    "r1_R_488": 0.9159967017109875,
    "r1_R_490": 0.9159967017109875,
    "r1_R_492": 0.9159967017109875,
    "r1_R_494": 0.9159967017109875,
    "r1_R_496": 0.9159967017109875,
    "r1_R_498": 0.9159967017109875,
    "r1_R_500": 0.9159967017109875,
    "r2_R_400": 0.7363430220573077,
    "r2_R_402": 0.7363430220573077,
    "r2_R_404": 0.7363430220573077,
    "r2_R_406": 0.7363430220573077,
    "r2_R_408": 0.7363430220573077,
    "r2_R_410": 0.7363430220573077,
    "r2_R_412": 0.7363430220573077,
    "r2_R_414": 0.7363430220573077,
    "r2_R_416": 0.7467532467532467,
    "r2_R_418": 0.7880849309420738,
    "r2_R_420": 0.8333333333333334,
    "r2_R_422": 0.8735312306740878,
    "r2_R_424": 0.9046588332302617,
    "r2_R_426": 0.9201195629767058,
    "r2_R_428": 0.9238301381158524,
    "r2_R_430": 0.9243454957740672,
    "r2_R_432": 0.9243454957740672,
    "r2_R_434": 0.9243454957740672,
    "r2_R_436": 0.9243454957740672,
    "r2_R_438": 0.9243454957740672,
    "r2_R_440": 0.9243454957740672,
    "r2_R_442": 0.9243454957740672,
    "r2_R_444": 0.9243454957740672,
    "r2_R_446": 0.9243454957740672,
    "r2_R_448": 0.9243454957740672,
    "r2_R_450": 0.9243454957740672,
    "r2_R_452": 0.9243454957740672,
    "r2_R_454": 0.9243454957740672,
    "r2_R_456": 0.9243454957740672,
    "r2_R_458": 0.9243454957740672,
    "r2_R_460": 0.9243454957740672,
    "r2_R_462": 0.9243454957740672,
    "r2_R_464": 0.9243454957740672,
    "r2_R_466": 0.9243454957740672,
    "r2_R_468": 0.9243454957740672,
    "r2_R_470": 0.9243454957740672,
    "r2_R_472": 0.9243454957740672,
    "r2_R_474": 0.9243454957740672,
    "r2_R_476": 0.9243454957740672,
    "r2_R_478": 0.9243454957740672,
    "r2_R_480": 0.9243454957740672,
    "r2_R_482": 0.9243454957740672,
    "r2_R_484": 0.9243454957740672,
    "r2_R_486": 0.9243454957740672,
    "r2_R_488": 0.9243454957740672,
    "r2_R_490": 0.9243454957740672,
    "r2_R_492": 0.9243454957740672,
    "r2_R_494": 0.9243454957740672,
    "r2_R_496": 0.9243454957740672,
    "r2_R_498": 0.9243454957740672,
    "r2_R_500": 0.9243454957740672,
    "r3_R_400": 0.7296433725005154,
    "r3_R_402": 0.7296433725005154,
    "r3_R_404": 0.7296433725005154,
    "r3_R_406": 0.7296433725005154,
    "r3_R_408": 0.7296433725005154,
    "r3_R_410": 0.7296433725005154,
    "r3_R_412": 0.7296433725005154,
    "r3_R_414": 0.7296433725005154,
    "r3_R_416": 0.740775097917955,
    "r3_R_418": 0.7796330653473511,
    "r3_R_420": 0.8248814677386106,
    "r3_R_422": 0.8672438672438673,
    "r3_R_424": 0.8990929705215419,
    "r3_R_426": 0.9147598433312719,
    "r3_R_428": 0.9184704184704184,
    "r3_R_430": 0.9188827045969903,
    "r3_R_432": 0.9188827045969903,
    "r3_R_434": 0.9188827045969903,
    "r3_R_436": 0.9188827045969903,
    "r3_R_438": 0.9188827045969903,
    "r3_R_440": 0.9188827045969903,
    "r3_R_442": 0.9188827045969903,
    "r3_R_444": 0.9188827045969903,
    "r3_R_446": 0.9188827045969903,
    "r3_R_448": 0.9188827045969903,
    "r3_R_450": 0.9188827045969903,
    "r3_R_452": 0.9188827045969903,
    "r3_R_454": 0.9188827045969903,
    "r3_R_456": 0.9188827045969903,
    "r3_R_458": 0.9188827045969903,
    "r3_R_460": 0.9188827045969903,
    "r3_R_462": 0.9188827045969903,
    "r3_R_464": 0.9188827045969903,
    "r3_R_466": 0.9188827045969903,
    "r3_R_468": 0.9188827045969903,
    "r3_R_470": 0.9188827045969903,
    "r3_R_472": 0.9188827045969903,
    "r3_R_474": 0.9188827045969903,
    "r3_R_476": 0.9188827045969903,
    "r3_R_478": 0.9188827045969903,
    "r3_R_480": 0.9188827045969903,
    "r3_R_482": 0.9188827045969903,
    "r3_R_484": 0.9188827045969903,
    "r3_R_486": 0.9188827045969903,
    "r3_R_488": 0.9188827045969903,
    "r3_R_490": 0.9188827045969903,
    "r3_R_492": 0.9188827045969903,
    "r3_R_494": 0.9188827045969903,
    "r3_R_496": 0.9188827045969903,
    "r3_R_498": 0.9188827045969903,
    "r3_R_500": 0.9188827045969903
  },
  "verification_type": "modes",
  "clock_cycle_bounds": [
    400,
    500
  ],
  "noc_model_file_path": "noc_model.modest",
  "raw_modest_output_path": "modest_output.txt"
}