{
  "noc_parameters": {
    "size": [
      2,
      2
    ],
    "buffer_size": 4,
    "activity_thresh": 3,
    "injection_rate_numerator": 3,
    "injection_rate_denominator": 10,
    "resistive_noise_threshold": 1,
    "inductive_noise_threshold": 10
  },
  "modest_command": "modest <model_file> --unsafe --max-run-length 0 -D --rng MersenneTwister -E RESISTIVE_THRESH=1, INDUCTIVE_THRESH=10",
  "verification_time_sec": 465.6488723754883,
  "properties": {
    "\"R_2000\"": 0.9755720470006184,
    "\"R_2010\"": 0.976602762317048,
    "\"R_2020\"": 0.9778396206967636,
    "\"R_2030\"": 0.979179550608122,
    "\"R_2040\"": 0.9797979797979798,
    "\"R_2050\"": 0.9803133374561946,
    "\"R_2060\"": 0.9812409812409812,
    "\"R_2070\"": 0.9820655534941249,
    "\"R_2080\"": 0.9828901257472686,
    "\"R_2090\"": 0.9835085549371264,
    "\"R_2100\"": 0.9839208410636983,
    "\"R_2110\"": 0.9847454133168418,
    "\"R_2120\"": 0.9856730571016286,
    "\"R_2130\"": 0.9863945578231292,
    "\"R_2140\"": 0.987012987012987,
    "\"R_2150\"": 0.9873222016079158,
    "\"R_2160\"": 0.9882498453927026,
    "\"R_2170\"": 0.9889713461142032,
    "\"R_2180\"": 0.9894867037724181,
    "\"R_2190\"": 0.98989898989899,
    "\"R_2200\"": 0.98989898989899,
    "\"R_2210\"": 0.9904143475572047,
    "\"R_2220\"": 0.9913419913419913,
    "\"R_2230\"": 0.9918573490002062,
    "\"R_2240\"": 0.992166563595135,
    "\"R_2250\"": 0.9927849927849928,
    "\"R_2260\"": 0.9930942073799217,
    "\"R_2270\"": 0.9935064935064936,
    "\"R_2280\"": 0.9937126365697794,
    "\"R_2290\"": 0.9941249226963512,
    "\"R_2300\"": 0.9945372088229231,
    "\"R_2310\"": 0.9946402803545661,
    "\"R_2320\"": 0.9951556380127808,
    "\"R_2330\"": 0.9953617810760668,
    "\"R_2340\"": 0.9956709956709957,
    "\"R_2350\"": 0.9957740672026386,
    "\"R_2360\"": 0.9960832817975676,
    "\"R_2370\"": 0.9961863533292105,
    "\"R_2380\"": 0.9967017109874253,
    "\"R_2390\"": 0.9967017109874253,
    "\"R_2400\"": 0.9969078540507111,
    "\"R_2410\"": 0.9969078540507111,
    "\"R_2420\"": 0.9969078540507111,
    "\"R_2430\"": 0.9970109255823542,
    "\"R_2440\"": 0.9970109255823542,
    "\"R_2450\"": 0.9971139971139971,
    "\"R_2460\"": 0.9972170686456401,
    "\"R_2470\"": 0.9972170686456401,
    "\"R_2480\"": 0.997423211708926,
    "\"R_2490\"": 0.9975262832405689,
    "\"R_2500\"": 0.9977324263038548,
    "\"R_2510\"": 0.9977324263038548,
    "\"R_2520\"": 0.9977324263038548,
    "\"R_2530\"": 0.9978354978354979,
    "\"R_2540\"": 0.9979385693671408,
    "\"R_2550\"": 0.9980416408987838,
    "\"R_2560\"": 0.9982477839620697,
    "\"R_2570\"": 0.9982477839620697,
    "\"R_2580\"": 0.9983508554937126,
    "\"R_2590\"": 0.9983508554937126,
    "\"R_2600\"": 0.9983508554937126,
    "\"R_2610\"": 0.9983508554937126,
    "\"R_2620\"": 0.9984539270253556,
    "\"R_2630\"": 0.9985569985569985,
    "\"R_2640\"": 0.9985569985569985,
    "\"R_2650\"": 0.9985569985569985,
    "\"R_2660\"": 0.9986600700886415,
    "\"R_2670\"": 0.9989692846835704,
    "\"R_2680\"": 0.9990723562152134,
    "\"R_2690\"": 0.9990723562152134,
    "\"R_2700\"": 0.9990723562152134,
    "\"R_2710\"": 0.9990723562152134,
    "\"R_2720\"": 0.9991754277468563,
    "\"R_2730\"": 0.9991754277468563,
    "\"R_2740\"": 0.9991754277468563,
    "\"R_2750\"": 0.9991754277468563,
    "\"R_2760\"": 0.9991754277468563,
    "\"R_2770\"": 0.9991754277468563,
    "\"R_2780\"": 0.9991754277468563,
    "\"R_2790\"": 0.9992784992784993,
    "\"R_2800\"": 0.9993815708101422,
    "\"R_2810\"": 0.9995877138734282,
    "\"R_2820\"": 0.9995877138734282,
    "\"R_2830\"": 0.9995877138734282,
    "\"R_2840\"": 0.9995877138734282,
    "\"R_2850\"": 0.9996907854050712,
    "\"R_2860\"": 0.9997938569367141,
    "\"R_2870\"": 0.9997938569367141,
    "\"R_2880\"": 0.9998969284683571,
    "\"R_2890\"": 0.9998969284683571,
    "\"R_2900\"": 0.9998969284683571,
    "\"R_2910\"": 0.9998969284683571,
    "\"R_2920\"": 0.9998969284683571,
    "\"R_2930\"": 0.9998969284683571,
    "\"R_2940\"": 1.0,
    "\"R_2950\"": 1.0,
    "\"R_2960\"": 1.0,
    "\"R_2970\"": 1.0,
    "\"R_2980\"": 1.0,
    "\"R_2990\"": 1.0
  },
  "verification_type": "modes",
  "clock_cycle_bounds": [
    2000,
    2999
  ],
  "noc_model_file_path": "noc_model.modest",
  "raw_modest_output_path": "modest_output.txt"
}