{
  "noc_parameters": {
    "size": [
      3,
      2
    ],
    "buffer_size": 4,
    "activity_thresh": 3,
    "injection_rate_numerator": 3,
    "injection_rate_denominator": 10,
    "resistive_noise_threshold": null,
    "inductive_noise_threshold": null
  },
  "modest_command": "modest <model_file> --unsafe --max-run-length 0 -D --rng MersenneTwister -E ACTIVITY_THRESH=3,NOC_MESH_WIDTH=3,NOC_MESH_HEIGHT=2",
  "verification_time_sec": 4.958633184432983,
  "properties": {
    "r0_R_300": 0.13553906411049269,
    "r0_R_301": 0.13553906411049269,
    "r0_R_302": 0.13553906411049269,
    "r0_R_303": 0.13553906411049269,
    "r0_R_304": 0.13553906411049269,
    "r0_R_305": 0.13553906411049269,
    "r0_R_306": 0.13553906411049269,
    "r0_R_307": 0.13553906411049269,
    "r0_R_308": 0.13553906411049269,
    "r0_R_309": 0.13553906411049269,
    "r0_R_310": 0.13553906411049269,
    "r0_R_311": 0.13553906411049269,
    "r0_R_312": 0.13553906411049269,
    "r0_R_313": 0.13553906411049269,
    "r0_R_314": 0.13553906411049269,
    "r0_R_315": 0.13553906411049269,
    "r0_R_316": 0.13553906411049269,
    "r0_R_317": 0.13553906411049269,
    "r0_R_318": 0.13553906411049269,
    "r0_R_319": 0.13553906411049269,
    "r0_R_320": 0.13553906411049269,
    "r0_R_321": 0.13553906411049269,
    "r0_R_322": 0.13553906411049269,
    "r0_R_323": 0.13553906411049269,
    "r0_R_324": 0.13553906411049269,
    "r0_R_325": 0.13553906411049269,
    "r0_R_326": 0.13553906411049269,
    "r0_R_327": 0.13553906411049269,
    "r0_R_328": 0.13553906411049269,
    "r0_R_329": 0.13553906411049269,
    "r0_R_330": 0.13553906411049269,
    "r0_R_331": 0.13553906411049269,
    "r0_R_332": 0.13553906411049269,
    "r0_R_333": 0.13553906411049269,
    "r0_R_334": 0.13553906411049269,
    "r0_R_335": 0.13553906411049269,
    "r0_R_336": 0.13553906411049269,
    "r0_R_337": 0.13553906411049269,
    "r0_R_338": 0.13553906411049269,
    "r0_R_339": 0.13553906411049269,
    "r0_R_340": 0.13553906411049269,
    "r0_R_341": 0.13553906411049269,
    "r0_R_342": 0.13553906411049269,
    "r0_R_343": 0.13553906411049269,
    "r0_R_344": 0.13553906411049269,
    "r0_R_345": 0.13553906411049269,
    "r0_R_346": 0.13553906411049269,
    "r0_R_347": 0.13553906411049269,
    "r0_R_348": 0.13553906411049269,
    "r0_R_349": 0.13553906411049269,
    "r0_R_350": 0.13553906411049269,
    "r1_R_300": 0.8118944547515976,
    "r1_R_301": 0.8118944547515976,
    "r1_R_302": 0.8118944547515976,
    "r1_R_303": 0.8118944547515976,
    "r1_R_304": 0.8118944547515976,
    "r1_R_305": 0.8118944547515976,
    "r1_R_306": 0.8118944547515976,
    "r1_R_307": 0.8118944547515976,
    "r1_R_308": 0.8118944547515976,
    "r1_R_309": 0.8118944547515976,
    "r1_R_310": 0.8118944547515976,
    "r1_R_311": 0.8118944547515976,
    "r1_R_312": 0.8118944547515976,
    "r1_R_313": 0.8118944547515976,
    "r1_R_314": 0.8118944547515976,
    "r1_R_315": 0.8118944547515976,
    "r1_R_316": 0.8118944547515976,
    "r1_R_317": 0.8118944547515976,
    "r1_R_318": 0.8118944547515976,
    "r1_R_319": 0.8118944547515976,
    "r1_R_320": 0.8118944547515976,
    "r1_R_321": 0.8118944547515976,
    "r1_R_322": 0.8118944547515976,
    "r1_R_323": 0.8118944547515976,
    "r1_R_324": 0.8118944547515976,
    "r1_R_325": 0.8118944547515976,
    "r1_R_326": 0.8118944547515976,
    "r1_R_327": 0.8118944547515976,
    "r1_R_328": 0.8118944547515976,
    "r1_R_329": 0.8118944547515976,
    "r1_R_330": 0.8118944547515976,
    "r1_R_331": 0.8118944547515976,
    "r1_R_332": 0.8118944547515976,
    "r1_R_333": 0.8118944547515976,
    "r1_R_334": 0.8118944547515976,
    "r1_R_335": 0.8118944547515976,
    "r1_R_336": 0.8118944547515976,
    "r1_R_337": 0.8118944547515976,
    "r1_R_338": 0.8118944547515976,
    "r1_R_339": 0.8118944547515976,
    "r1_R_340": 0.8118944547515976,
    "r1_R_341": 0.8118944547515976,
    "r1_R_342": 0.8118944547515976,
    "r1_R_343": 0.8118944547515976,
    "r1_R_344": 0.8118944547515976,
    "r1_R_345": 0.8118944547515976,
    "r1_R_346": 0.8118944547515976,
    "r1_R_347": 0.8118944547515976,
    "r1_R_348": 0.8118944547515976,
    "r1_R_349": 0.8118944547515976,
    "r1_R_350": 0.8118944547515976,
    "r2_R_300": 0.12131519274376418,
    "r2_R_301": 0.12131519274376418,
    "r2_R_302": 0.12131519274376418,
    "r2_R_303": 0.12131519274376418,
    "r2_R_304": 0.12131519274376418,
    "r2_R_305": 0.12131519274376418,
    "r2_R_306": 0.12131519274376418,
    "r2_R_307": 0.12131519274376418,
    "r2_R_308": 0.12131519274376418,
    "r2_R_309": 0.12131519274376418,
    "r2_R_310": 0.12131519274376418,
    "r2_R_311": 0.12131519274376418,
    "r2_R_312": 0.12131519274376418,
    "r2_R_313": 0.12131519274376418,
    "r2_R_314": 0.12131519274376418,
    "r2_R_315": 0.12131519274376418,
    "r2_R_316": 0.12131519274376418,
    "r2_R_317": 0.12131519274376418,
    "r2_R_318": 0.12131519274376418,
    "r2_R_319": 0.12131519274376418,
    "r2_R_320": 0.12131519274376418,
    "r2_R_321": 0.12131519274376418,
    "r2_R_322": 0.12131519274376418,
    "r2_R_323": 0.12131519274376418,
    "r2_R_324": 0.12131519274376418,
    "r2_R_325": 0.12131519274376418,
    "r2_R_326": 0.12131519274376418,
    "r2_R_327": 0.12131519274376418,
    "r2_R_328": 0.12131519274376418,
    "r2_R_329": 0.12131519274376418,
    "r2_R_330": 0.12131519274376418,
    "r2_R_331": 0.12131519274376418,
    "r2_R_332": 0.12131519274376418,
    "r2_R_333": 0.12131519274376418,
    "r2_R_334": 0.12131519274376418,
    "r2_R_335": 0.12131519274376418,
    "r2_R_336": 0.12131519274376418,
    "r2_R_337": 0.12131519274376418,
    "r2_R_338": 0.12131519274376418,
    "r2_R_339": 0.12131519274376418,
    "r2_R_340": 0.12131519274376418,
    "r2_R_341": 0.12131519274376418,
    "r2_R_342": 0.12131519274376418,
    "r2_R_343": 0.12131519274376418,
    "r2_R_344": 0.12131519274376418,
    "r2_R_345": 0.12131519274376418,
    "r2_R_346": 0.12131519274376418,
    "r2_R_347": 0.12131519274376418,
    "r2_R_348": 0.12131519274376418,
    "r2_R_349": 0.12131519274376418,
    "r2_R_350": 0.12131519274376418,
    "r3_R_300": 0.12007833436404865,
    "r3_R_301": 0.12007833436404865,
    "r3_R_302": 0.12007833436404865,
    "r3_R_303": 0.12007833436404865,
    "r3_R_304": 0.12007833436404865,
    "r3_R_305": 0.12007833436404865,
    "r3_R_306": 0.12007833436404865,
    "r3_R_307": 0.12007833436404865,
    "r3_R_308": 0.12007833436404865,
    "r3_R_309": 0.12007833436404865,
    "r3_R_310": 0.12007833436404865,
    "r3_R_311": 0.12007833436404865,
    "r3_R_312": 0.12007833436404865,
    "r3_R_313": 0.12007833436404865,
    "r3_R_314": 0.12007833436404865,
    "r3_R_315": 0.12007833436404865,
    "r3_R_316": 0.12007833436404865,
    "r3_R_317": 0.12007833436404865,
    "r3_R_318": 0.12007833436404865,
    "r3_R_319": 0.12007833436404865,
    "r3_R_320": 0.12007833436404865,
    "r3_R_321": 0.12007833436404865,
    "r3_R_322": 0.12007833436404865,
    "r3_R_323": 0.12007833436404865,
    "r3_R_324": 0.12007833436404865,
    "r3_R_325": 0.12007833436404865,
    "r3_R_326": 0.12007833436404865,
    "r3_R_327": 0.12007833436404865,
    "r3_R_328": 0.12007833436404865,
    "r3_R_329": 0.12007833436404865,
    "r3_R_330": 0.12007833436404865,
    "r3_R_331": 0.12007833436404865,
    "r3_R_332": 0.12007833436404865,
    "r3_R_333": 0.12007833436404865,
    "r3_R_334": 0.12007833436404865,
    "r3_R_335": 0.12007833436404865,
    "r3_R_336": 0.12007833436404865,
    "r3_R_337": 0.12007833436404865,
    "r3_R_338": 0.12007833436404865,
    "r3_R_339": 0.12007833436404865,
    "r3_R_340": 0.12007833436404865,
    "r3_R_341": 0.12007833436404865,
    "r3_R_342": 0.12007833436404865,
    "r3_R_343": 0.12007833436404865,
    "r3_R_344": 0.12007833436404865,
    "r3_R_345": 0.12007833436404865,
    "r3_R_346": 0.12007833436404865,
    "r3_R_347": 0.12007833436404865,
    "r3_R_348": 0.12007833436404865,
    "r3_R_349": 0.12007833436404865,
    "r3_R_350": 0.12007833436404865,