{
  "noc_parameters": {
    "size": [
      2,
      2
    ],
    "buffer_size": 4,
    "activity_thresh": 3,
    "injection_rate_numerator": 3,
    "injection_rate_denominator": 10,
    "resistive_noise_threshold": 1,
    "inductive_noise_threshold": 5
  },
  "modest_command": "modest <model_file> --unsafe --max-run-length 0 -D --rng MersenneTwister -E RESISTIVE_NOISE_THRESH=1, INDUCTIVE_NOISE_THRESH=5",
  "verification_time_sec": 738.1035404205322,
  "properties": {
    "I_1000": 0.8555967841682127,
    "I_1010": 0.8615749330035044,
    "I_1020": 0.8670377241805813,
    "I_1030": 0.8721913007627293,
    "I_1040": 0.8763141620284477,
    "I_1050": 0.8821892393320965,
    "I_1060": 0.8868274582560297,
    "I_1070": 0.8915687487116059,
    "I_1080": 0.8960008245722532,
    "I_1090": 0.9003298289012575,
    "I_1100": 0.9049680478251907,
    "I_1110": 0.9101216244073387,
    "I_1120": 0.9133168418882704,
    "I_1130": 0.9160997732426304,
    "I_1140": 0.9192949907235621,
    "I_1150": 0.9226963512677798,
    "I_1160": 0.9262007833436405,
    "I_1170": 0.9288806431663574,
    "I_1180": 0.9315605029890744,
    "I_1190": 0.9342403628117913,
    "I_1200": 0.9373325087610802,
    "I_1210": 0.9398062255205112,
    "I_1220": 0.9421768707482994,
    "I_1230": 0.9445475159760874,
    "I_1240": 0.9467120181405896,
    "I_1250": 0.9486703772418058,
    "I_1260": 0.9510410224695939,
    "I_1270": 0.9527932385075242,
    "I_1280": 0.9545454545454546,
    "I_1290": 0.9565038136466708,
    "I_1300": 0.9581529581529582,
    "I_1310": 0.9598021026592455,
    "I_1320": 0.9616573902288188,
    "I_1330": 0.9641311069882499,
    "I_1340": 0.9666048237476809,
    "I_1350": 0.9676355390641105,
    "I_1360": 0.9685631828488971,
    "I_1370": 0.9699031127602556,
    "I_1380": 0.9711399711399712,
    "I_1390": 0.9724799010513296,
    "I_1400": 0.9736136878994022,
    "I_1410": 0.9749536178107606,
    "I_1420": 0.976705833848691,
    "I_1430": 0.9775304061018347,
    "I_1440": 0.9778396206967636,
    "I_1450": 0.9789734075448361,
    "I_1460": 0.9804164089878376,
    "I_1470": 0.9820655534941249,
    "I_1480": 0.9828901257472686,
    "I_1490": 0.9835085549371264,
    "I_1500": 0.98433312719027,
    "I_1510": 0.9851576994434137,
    "I_1520": 0.9857761286332715,
    "I_1530": 0.9867037724180582,
    "I_1540": 0.9874252731395589,
    "I_1550": 0.9876314162028448,
    "I_1560": 0.9882498453927026,
    "I_1570": 0.9884559884559885,
    "I_1580": 0.9894867037724181,
    "I_1590": 0.9903112760255618,
    "I_1600": 0.9912389198103484,
    "I_1610": 0.9914450628736343,
    "I_1620": 0.9916512059369202,
    "I_1630": 0.9923727066584209,
    "I_1640": 0.9927849927849928,
    "I_1650": 0.9930942073799217,
    "I_1660": 0.9933003504432076,
    "I_1670": 0.9938157081014224,
    "I_1680": 0.9941249226963512,
    "I_1690": 0.9945372088229231,
    "I_1700": 0.9946402803545661,
    "I_1710": 0.994846423417852,
    "I_1720": 0.9951556380127808,
    "I_1730": 0.9953617810760668,
    "I_1740": 0.9954648526077098,
    "I_1750": 0.9956709956709957,
    "I_1760": 0.9959802102659245,
    "I_1770": 0.9959802102659245,
    "I_1780": 0.9961863533292105,
    "I_1790": 0.9967017109874253,
    "I_1800": 0.9971139971139971,
    "I_1810": 0.9972170686456401,
    "I_1820": 0.997320140177283,
    "I_1830": 0.997423211708926,
    "I_1840": 0.9975262832405689,
    "I_1850": 0.9975262832405689,
    "I_1860": 0.9977324263038548,
    "I_1870": 0.9979385693671408,
    "I_1880": 0.9979385693671408,
    "I_1890": 0.9979385693671408,
    "I_1900": 0.9979385693671408,
    "I_1910": 0.9980416408987838,
    "I_1920": 0.9983508554937126,
    "I_1930": 0.9983508554937126,
    "I_1940": 0.9985569985569985,
    "I_1950": 0.9987631416202845,
    "I_1960": 0.9987631416202845,
    "I_1970": 0.9988662131519275,
    "I_1980": 0.9988662131519275,
    "I_1990": 0.9988662131519275
  },
  "verification_type": "modes",
  "clock_cycle_bounds": [
    1000,
    1990
  ],
  "noc_model_file_path": "noc_model.modest",
  "raw_modest_output_path": "modest_output.txt"
}