{
  "noc_parameters": {
    "size": [
      2,
      2
    ],
    "buffer_size": 4,
    "activity_thresh": 3,
    "injection_rate_numerator": 3,
    "injection_rate_denominator": 10,
    "resistive_noise_threshold": 20,
    "inductive_noise_threshold": 1
  },
  "modest_command": "modest <model_file> --unsafe --max-run-length 0 -D --rng MersenneTwister -E RESISTIVE_NOISE_THRESH=20, INDUCTIVE_NOISE_THRESH=1",
  "verification_time_sec": 200.5812873840332,
  "properties": {
    "\"R_100\"": 0.00030921459492888067,
    "\"R_101\"": 0.0005153576582148011,
    "\"R_102\"": 0.0007215007215007215,
    "\"R_103\"": 0.0008245722531436817,
    "\"R_104\"": 0.0008245722531436817,
    "\"R_105\"": 0.0008245722531436817,
    "\"R_106\"": 0.0008245722531436817,
    "\"R_107\"": 0.0008245722531436817,
    "\"R_108\"": 0.0008245722531436817,
    "\"R_109\"": 0.0008245722531436817,
    "\"R_110\"": 0.0008245722531436817,
    "\"R_111\"": 0.0011337868480725624,
    "\"R_112\"": 0.0018552875695732839,
    "\"R_113\"": 0.0018552875695732839,
    "\"R_114\"": 0.0018552875695732839,
    "\"R_115\"": 0.0018552875695732839,
    "\"R_116\"": 0.0018552875695732839,
    "\"R_117\"": 0.0018552875695732839,
    "\"R_118\"": 0.0018552875695732839,
    "\"R_119\"": 0.0018552875695732839,
    "\"R_120\"": 0.0018552875695732839,
    "\"R_121\"": 0.0027829313543599257,
    "\"R_122\"": 0.0045351473922902496,
    "\"R_123\"": 0.005050505050505051,
    "\"R_124\"": 0.005050505050505051,
    "\"R_125\"": 0.005050505050505051,
    "\"R_126\"": 0.005050505050505051,
    "\"R_127\"": 0.005050505050505051,
    "\"R_128\"": 0.005050505050505051,
    "\"R_129\"": 0.005050505050505051,
    "\"R_130\"": 0.005050505050505051,
    "\"R_131\"": 0.005359719645433931,
    "\"R_132\"": 0.007318078746650175,
    "\"R_133\"": 0.007524221809936096,
    "\"R_134\"": 0.007524221809936096,
    "\"R_135\"": 0.007524221809936096,
    "\"R_136\"": 0.007524221809936096,
    "\"R_137\"": 0.007524221809936096,
    "\"R_138\"": 0.007524221809936096,
    "\"R_139\"": 0.007524221809936096,
    "\"R_140\"": 0.007524221809936096,
    "\"R_141\"": 0.01020408163265306,
    "\"R_142\"": 0.016388373531230675,
    "\"R_143\"": 0.017212945784374357,
    "\"R_144\"": 0.017212945784374357,
    "\"R_145\"": 0.017212945784374357,
    "\"R_146\"": 0.017212945784374357,
    "\"R_147\"": 0.017212945784374357,
    "\"R_148\"": 0.017212945784374357,
    "\"R_149\"": 0.017212945784374357,
    "\"R_150\"": 0.017212945784374357,
    "\"R_151\"": 0.023191094619666047,
    "\"R_152\"": 0.03504432075860647,
    "\"R_153\"": 0.036487322201607914,
    "\"R_154\"": 0.036487322201607914,
    "\"R_155\"": 0.036487322201607914,
    "\"R_156\"": 0.036487322201607914,
    "\"R_157\"": 0.036487322201607914,
    "\"R_158\"": 0.036487322201607914,
    "\"R_159\"": 0.036487322201607914,
    "\"R_160\"": 0.036487322201607914,
    "\"R_161\"": 0.044629973201401774,
    "\"R_162\"": 0.06256441970727684,
    "\"R_163\"": 0.06472892187177902,
    "\"R_164\"": 0.06472892187177902,
    "\"R_165\"": 0.06472892187177902,
    "\"R_166\"": 0.06472892187177902,
    "\"R_167\"": 0.06472892187177902,
    "\"R_168\"": 0.06472892187177902,
    "\"R_169\"": 0.06472892187177902,
    "\"R_170\"": 0.06472892187177902,
    "\"R_171\"": 0.07689136260564831,
    "\"R_172\"": 0.098433312719027,
    "\"R_173\"": 0.10317460317460317,
    "\"R_174\"": 0.10317460317460317,
    "\"R_175\"": 0.10317460317460317,
    "\"R_176\"": 0.10317460317460317,
    "\"R_177\"": 0.10317460317460317,
    "\"R_178\"": 0.10317460317460317,
    "\"R_179\"": 0.10317460317460317,
    "\"R_180\"": 0.10317460317460317,
    "\"R_181\"": 0.11842918985776128,
    "\"R_182\"": 0.1453308596165739,
    "\"R_183\"": 0.14883529169243456,
    "\"R_184\"": 0.14883529169243456,
    "\"R_185\"": 0.14883529169243456,
    "\"R_186\"": 0.14883529169243456,
    "\"R_187\"": 0.14883529169243456,
    "\"R_188\"": 0.14883529169243456,
    "\"R_189\"": 0.14883529169243456,
    "\"R_190\"": 0.14883529169243456,
    "\"R_191\"": 0.1696557410843125,
    "\"R_192\"": 0.20439084724799012,
    "\"R_193\"": 0.21016285301999588,
    "\"R_194\"": 0.21016285301999588,
    "\"R_195\"": 0.21016285301999588,
    "\"R_196\"": 0.21016285301999588,
    "\"R_197\"": 0.21016285301999588,
    "\"R_198\"": 0.21016285301999588,
    "\"R_199\"": 0.21016285301999588
  },
  "verification_type": "modes",
  "clock_cycle_bounds": [
    100,
    199
  ],
  "noc_model_file_path": "noc_model.modest",
  "raw_modest_output_path": "modest_output.txt"
}