{
  "noc_parameters": {
    "size": [
      2,
      2
    ],
    "buffer_size": 4,
    "activity_thresh": 3,
    "injection_rate_numerator": 3,
    "injection_rate_denominator": 10,
    "resistive_noise_threshold": 20,
    "inductive_noise_threshold": 1
  },
  "modest_command": "modest <model_file> --unsafe --max-run-length 0 -D --rng MersenneTwister -E RESISTIVE_NOISE_THRESH=20, INDUCTIVE_NOISE_THRESH=1",
  "verification_time_sec": 254.0586974620819,
  "properties": {
    "R_300": 0.8666254380540095,
    "R_301": 0.8798185941043084,
    "R_302": 0.8942486085343229,
    "R_303": 0.8977530406101835,
    "R_304": 0.8977530406101835,
    "R_305": 0.8977530406101835,
    "R_306": 0.8977530406101835,
    "R_307": 0.8977530406101835,
    "R_308": 0.8977530406101835,
    "R_309": 0.8977530406101835,
    "R_310": 0.8977530406101835,
    "R_311": 0.9076479076479076,
    "R_312": 0.9231086373943517,
    "R_313": 0.9254792826221397,
    "R_314": 0.9254792826221397,
    "R_315": 0.9254792826221397,
    "R_316": 0.9254792826221397,
    "R_317": 0.9254792826221397,
    "R_318": 0.9254792826221397,
    "R_319": 0.9254792826221397,
    "R_320": 0.9254792826221397,
    "R_321": 0.9330035044320759,
    "R_322": 0.9410430839002267,
    "R_323": 0.9424860853432282,
    "R_324": 0.9424860853432282,
    "R_325": 0.9424860853432282,
    "R_326": 0.9424860853432282,
    "R_327": 0.9424860853432282,
    "R_328": 0.9424860853432282,
    "R_329": 0.9424860853432282,
    "R_330": 0.9424860853432282,
    "R_331": 0.948258091115234,
    "R_332": 0.9567099567099567,
    "R_333": 0.9578437435580293,
    "R_334": 0.9578437435580293,
    "R_335": 0.9578437435580293,
    "R_336": 0.9578437435580293,
    "R_337": 0.9578437435580293,
    "R_338": 0.9578437435580293,
    "R_339": 0.9578437435580293,
    "R_340": 0.9578437435580293,
    "R_341": 0.9619666048237476,
    "R_342": 0.9685631828488971,
    "R_343": 0.9698000412286126,
    "R_344": 0.9698000412286126,
    "R_345": 0.9698000412286126,
    "R_346": 0.9698000412286126,
    "R_347": 0.9698000412286126,
    "R_348": 0.9698000412286126,
    "R_349": 0.9698000412286126,
    "R_350": 0.9698000412286126,
    "R_351": 0.9730983302411874,
    "R_352": 0.9776334776334776,
    "R_353": 0.9784580498866213,
    "R_354": 0.9784580498866213,
    "R_355": 0.9784580498866213,
    "R_356": 0.9784580498866213,
    "R_357": 0.9784580498866213,
    "R_358": 0.9784580498866213,
    "R_359": 0.9784580498866213,
    "R_360": 0.9784580498866213,
    "R_361": 0.9807256235827665,
    "R_362": 0.9835085549371264,
    "R_363": 0.9842300556586271,
    "R_364": 0.9842300556586271,
    "R_365": 0.9842300556586271,
    "R_366": 0.9842300556586271,
    "R_367": 0.9842300556586271,
    "R_368": 0.9842300556586271,
    "R_369": 0.9842300556586271,
    "R_370": 0.9842300556586271,
    "R_371": 0.9861884147598433,
    "R_372": 0.9889713461142032,
    "R_373": 0.9893836322407751,
    "R_374": 0.9893836322407751,
    "R_375": 0.9893836322407751,
    "R_376": 0.9893836322407751,
    "R_377": 0.9893836322407751,
    "R_378": 0.9893836322407751,
    "R_379": 0.9893836322407751,
    "R_380": 0.9893836322407751,
    "R_381": 0.9910327767470625,
    "R_382": 0.9928880643166358,
    "R_383": 0.9934034219748505,
    "R_384": 0.9934034219748505,
    "R_385": 0.9934034219748505,
    "R_386": 0.9934034219748505,
    "R_387": 0.9934034219748505,
    "R_388": 0.9934034219748505,
    "R_389": 0.9934034219748505,
    "R_390": 0.9934034219748505,
    "R_391": 0.9944341372912802,
    "R_392": 0.9959802102659245,
    "R_393": 0.9961863533292105,
    "R_394": 0.9961863533292105,
    "R_395": 0.9961863533292105,
    "R_396": 0.9961863533292105,
    "R_397": 0.9961863533292105,
    "R_398": 0.9961863533292105,
    "R_399": 0.9961863533292105
  },
  "verification_type": "modes",
  "clock_cycle_bounds": [
    300,
    399
  ],
  "noc_model_file_path": "noc_model.modest",
  "raw_modest_output_path": "modest_output.txt"
}