{
  "noc_parameters": {
    "size": [
      2,
      2
    ],
    "buffer_size": 4,
    "activity_thresh": 3,
    "injection_rate_numerator": 3,
    "injection_rate_denominator": 10,
    "resistive_noise_threshold": 1,
    "inductive_noise_threshold": 10
  },
  "modest_command": "modest <model_file> --unsafe --max-run-length 0 -D --rng MersenneTwister -E RESISTIVE_NOISE_THRESH=1, INDUCTIVE_NOISE_THRESH=10",
  "verification_time_sec": 1359.4803729057312,
  "properties": {
    "\"I_3000\"": 0.997423211708926,
    "\"I_3010\"": 0.9976293547722119,
    "\"I_3020\"": 0.9976293547722119,
    "\"I_3030\"": 0.9977324263038548,
    "\"I_3040\"": 0.9978354978354979,
    "\"I_3050\"": 0.9980416408987838,
    "\"I_3060\"": 0.9980416408987838,
    "\"I_3070\"": 0.9982477839620697,
    "\"I_3080\"": 0.9983508554937126,
    "\"I_3090\"": 0.9984539270253556,
    "\"I_3100\"": 0.9985569985569985,
    "\"I_3110\"": 0.9987631416202845,
    "\"I_3120\"": 0.9988662131519275,
    "\"I_3130\"": 0.9988662131519275,
    "\"I_3140\"": 0.9988662131519275,
    "\"I_3150\"": 0.9988662131519275,
    "\"I_3160\"": 0.9989692846835704,
    "\"I_3170\"": 0.9990723562152134,
    "\"I_3180\"": 0.9990723562152134,
    "\"I_3190\"": 0.9990723562152134,
    "\"I_3200\"": 0.9992784992784993,
    "\"I_3210\"": 0.9992784992784993,
    "\"I_3220\"": 0.9993815708101422,
    "\"I_3230\"": 0.9993815708101422,
    "\"I_3240\"": 0.9994846423417852,
    "\"I_3250\"": 0.9994846423417852,
    "\"I_3260\"": 0.9994846423417852,
    "\"I_3270\"": 0.9994846423417852,
    "\"I_3280\"": 0.9994846423417852,
    "\"I_3290\"": 0.9994846423417852,
    "\"I_3300\"": 0.9995877138734282,
    "\"I_3310\"": 0.9995877138734282,
    "\"I_3320\"": 0.9995877138734282,
    "\"I_3330\"": 0.9995877138734282,
    "\"I_3340\"": 0.9996907854050712,
    "\"I_3350\"": 0.9996907854050712,
    "\"I_3360\"": 0.9996907854050712,
    "\"I_3370\"": 0.9996907854050712,
    "\"I_3380\"": 0.9996907854050712,
    "\"I_3390\"": 0.9996907854050712,
    "\"I_3400\"": 0.9996907854050712,
    "\"I_3410\"": 0.9996907854050712,
    "\"I_3420\"": 0.9996907854050712,
    "\"I_3430\"": 0.9996907854050712,
    "\"I_3440\"": 0.9996907854050712,
    "\"I_3450\"": 0.9996907854050712,
    "\"I_3460\"": 0.9996907854050712,
    "\"I_3470\"": 0.9996907854050712,
    "\"I_3480\"": 0.9996907854050712,
    "\"I_3490\"": 0.9996907854050712,
    "\"I_3500\"": 0.9996907854050712
  },
  "verification_type": "modes",
  "clock_cycle_bounds": [
    3000,
    3500
  ],
  "noc_model_file_path": "noc_model.modest",
  "raw_modest_output_path": "modest_output.txt"
}