{
  "noc_parameters": {
    "size": [
      2,
      2
    ],
    "buffer_size": 4,
    "activity_thresh": 3,
    "injection_rate_numerator": 3,
    "injection_rate_denominator": 10,
    "resistive_noise_threshold": 5,
    "inductive_noise_threshold": 1
  },
  "modest_command": "modest <model_file> --unsafe --max-run-length 0 -D -E RESISTIVE_NOISE_THRESH=5, INDUCTIVE_NOISE_THRESH=1",
  "verification_time_sec": 62.14895009994507,
  "properties": {
    "R_0": 0.0,
    "R_1": 0.0,
    "R_2": 0.0,
    "R_3": 0.0,
    "R_4": 0.0,
    "R_5": 0.0,
    "R_6": 0.0,
    "R_7": 0.0,
    "R_8": 0.0,
    "R_9": 0.0,
    "R_10": 0.0,
    "R_11": 0.001443001443001443,
    "R_12": 0.012162440733869306,
    "R_13": 0.015357658214801072,
    "R_14": 0.015357658214801072,
    "R_15": 0.015357658214801072,
    "R_16": 0.015357658214801072,
    "R_17": 0.015357658214801072,
    "R_18": 0.015357658214801072,
    "R_19": 0.015357658214801072,
    "R_20": 0.015357658214801072,
    "R_21": 0.031436817151102865,
    "R_22": 0.07534528963100391,
    "R_23": 0.08493094207379921,
    "R_24": 0.08493094207379921,
    "R_25": 0.08493094207379921,
    "R_26": 0.08493094207379921,
    "R_27": 0.08493094207379921,
    "R_28": 0.08493094207379921,
    "R_29": 0.08493094207379921,
    "R_30": 0.08493094207379921,
    "R_31": 0.12543805400948257,
    "R_32": 0.20160791589363017,
    "R_33": 0.21459492888064316,
    "R_34": 0.21459492888064316,
    "R_35": 0.21459492888064316,
    "R_36": 0.21459492888064316,
    "R_37": 0.21459492888064316,
    "R_38": 0.21459492888064316,
    "R_39": 0.21459492888064316,
    "R_40": 0.21459492888064316,
    "R_41": 0.27499484642341787,
    "R_42": 0.37136672850958563,
    "R_43": 0.3880643166357452,
    "R_44": 0.3880643166357452,
    "R_45": 0.3880643166357452,
    "R_46": 0.3880643166357452,
    "R_47": 0.3880643166357452,
    "R_48": 0.3880643166357452,
    "R_49": 0.3880643166357452,
    "R_50": 0.3880643166357452,
    "R_51": 0.45021645021645024,
    "R_52": 0.5418470418470418,
    "R_53": 0.5560709132137703,
    "R_54": 0.5560709132137703,
    "R_55": 0.5560709132137703,
    "R_56": 0.5560709132137703,
    "R_57": 0.5560709132137703,
    "R_58": 0.5560709132137703,
    "R_59": 0.5560709132137703,
    "R_60": 0.5560709132137703,
    "R_61": 0.6092558235415378,
    "R_62": 0.6842918985776129,
    "R_63": 0.6943929086786229,
    "R_64": 0.6943929086786229,
    "R_65": 0.6943929086786229,
    "R_66": 0.6943929086786229,
    "R_67": 0.6943929086786229,
    "R_68": 0.6943929086786229,
    "R_69": 0.6943929086786229,
    "R_70": 0.6943929086786229,
    "R_71": 0.735621521335807,
    "R_72": 0.7879818594104309,
    "R_73": 0.7963306534735106,
    "R_74": 0.7963306534735106,
    "R_75": 0.7963306534735106,
    "R_76": 0.7963306534735106,
    "R_77": 0.7963306534735106,
    "R_78": 0.7963306534735106,
    "R_79": 0.7963306534735106,
    "R_80": 0.7963306534735106,
    "R_81": 0.8257060399917543,
    "R_82": 0.865182436611008,
    "R_83": 0.870336013193156,
    "R_84": 0.870336013193156,
    "R_85": 0.870336013193156,
    "R_86": 0.870336013193156,
    "R_87": 0.870336013193156,
    "R_88": 0.870336013193156,
    "R_89": 0.870336013193156,
    "R_90": 0.870336013193156,
    "R_91": 0.8870336013193156,
    "R_92": 0.9156874871160585,
    "R_93": 0.9195011337868481,
    "R_94": 0.9195011337868481,
    "R_95": 0.9195011337868481,
    "R_96": 0.9195011337868481,
    "R_97": 0.9195011337868481,
    "R_98": 0.9195011337868481,
    "R_99": 0.9195011337868481,
    "R_100": 0.9195011337868481
  },
  "verification_type": "modes",
  "clock_cycle_bounds": [
    0,
    100
  ],
  "noc_model_file_path": "noc_model.modest",
  "raw_modest_output_path": "modest_output.txt"
}