{
  "noc_parameters": {
    "size": [
      2,
      2
    ],
    "buffer_size": 4,
    "activity_thresh": 3,
    "injection_rate_numerator": 3,
    "injection_rate_denominator": 10,
    "resistive_noise_threshold": 10,
    "inductive_noise_threshold": 1
  },
  "modest_command": "modest <model_file> --unsafe --max-run-length 0 -D --rng MersenneTwister -E RESISTIVE_NOISE_THRESH=10, INDUCTIVE_NOISE_THRESH=1",
  "verification_time_sec": 127.88723015785217,
  "properties": {
    "R_100": 0.30632859204287777,
    "R_101": 0.34570191713048853,
    "R_102": 0.4077509791795506,
    "R_103": 0.4176458462172748,
    "R_104": 0.4176458462172748,
    "R_105": 0.4176458462172748,
    "R_106": 0.4176458462172748,
    "R_107": 0.4176458462172748,
    "R_108": 0.4176458462172748,
    "R_109": 0.4176458462172748,
    "R_110": 0.4176458462172748,
    "R_111": 0.45691609977324266,
    "R_112": 0.5199958771387343,
    "R_113": 0.5298907441764584,
    "R_114": 0.5298907441764584,
    "R_115": 0.5298907441764584,
    "R_116": 0.5298907441764584,
    "R_117": 0.5298907441764584,
    "R_118": 0.5298907441764584,
    "R_119": 0.5298907441764584,
    "R_120": 0.5298907441764584,
    "R_121": 0.5681302824159967,
    "R_122": 0.6226551226551227,
    "R_123": 0.6323438466295609,
    "R_124": 0.6323438466295609,
    "R_125": 0.6323438466295609,
    "R_126": 0.6323438466295609,
    "R_127": 0.6323438466295609,
    "R_128": 0.6323438466295609,
    "R_129": 0.6323438466295609,
    "R_130": 0.6323438466295609,
    "R_131": 0.6675943104514533,
    "R_132": 0.7161410018552876,
    "R_133": 0.7219130076272934,
    "R_134": 0.7219130076272934,
    "R_135": 0.7219130076272934,
    "R_136": 0.7219130076272934,
    "R_137": 0.7219130076272934,
    "R_138": 0.7219130076272934,
    "R_139": 0.7219130076272934,
    "R_140": 0.7219130076272934,
    "R_141": 0.7517006802721088,
    "R_142": 0.7932385075242218,
    "R_143": 0.7997320140177283,
    "R_144": 0.7997320140177283,
    "R_145": 0.7997320140177283,
    "R_146": 0.7997320140177283,
    "R_147": 0.7997320140177283,
    "R_148": 0.7997320140177283,
    "R_149": 0.7997320140177283,
    "R_150": 0.7997320140177283,
    "R_151": 0.8227169655741084,
    "R_152": 0.8516800659657803,
    "R_153": 0.8545660688517831,
    "R_154": 0.8545660688517831,
    "R_155": 0.8545660688517831,
    "R_156": 0.8545660688517831,
    "R_157": 0.8545660688517831,
    "R_158": 0.8545660688517831,
    "R_159": 0.8545660688517831,
    "R_160": 0.8545660688517831,
    "R_161": 0.8734281591424449,
    "R_162": 0.8967223252937538,
    "R_163": 0.9007421150278293,
    "R_164": 0.9007421150278293,
    "R_165": 0.9007421150278293,
    "R_166": 0.9007421150278293,
    "R_167": 0.9007421150278293,
    "R_168": 0.9007421150278293,
    "R_169": 0.9007421150278293,
    "R_170": 0.9007421150278293,
    "R_171": 0.9138321995464853,
    "R_172": 0.9303236446093589,
    "R_173": 0.9322820037105751,
    "R_174": 0.9322820037105751,
    "R_175": 0.9322820037105751,
    "R_176": 0.9322820037105751,
    "R_177": 0.9322820037105751,
    "R_178": 0.9322820037105751,
    "R_179": 0.9322820037105751,
    "R_180": 0.9322820037105751,
    "R_181": 0.9426922284065141,
    "R_182": 0.9537208822923109,
    "R_183": 0.9554730983302412,
    "R_184": 0.9554730983302412,
    "R_185": 0.9554730983302412,
    "R_186": 0.9554730983302412,
    "R_187": 0.9554730983302412,
    "R_188": 0.9554730983302412,
    "R_189": 0.9554730983302412,
    "R_190": 0.9554730983302412,
    "R_191": 0.9618635332921047,
    "R_192": 0.9704184704184704,
    "R_193": 0.9712430426716141,
    "R_194": 0.9712430426716141,
    "R_195": 0.9712430426716141,
    "R_196": 0.9712430426716141,
    "R_197": 0.9712430426716141,
    "R_198": 0.9712430426716141,
    "R_199": 0.9712430426716141
  },
  "verification_type": "modes",
  "clock_cycle_bounds": [
    100,
    199
  ],
  "noc_model_file_path": "noc_model.modest",
  "raw_modest_output_path": "modest_output.txt"
}