{
  "noc_parameters": {
    "size": [
      2,
      2
    ],
    "buffer_size": 4,
    "activity_thresh": 3,
    "injection_rate_numerator": 3,
    "injection_rate_denominator": 10,
    "resistive_noise_threshold": null,
    "inductive_noise_threshold": null
  },
  "modest_command": "modest <model_file> --max-run-length 0 -D --rng MersenneTwister -E ACTIVITY_THRESH=3,NOC_MESH_WIDTH=2,NOC_MESH_HEIGHT=2",
  "verification_time_sec": 885.9948580265045,
  "properties": {
    "r0_I_200": 0.0,
    "r0_I_202": 0.0027829313543599257,
    "r0_I_204": 0.009791795506081221,
    "r0_I_206": 0.009791795506081221,
    "r0_I_208": 0.009791795506081221,
    "r0_I_210": 0.009791795506081221,
    "r0_I_212": 0.011440940012368584,
    "r0_I_214": 0.01906823335394764,
    "r0_I_216": 0.02463409606266749,
    "r0_I_218": 0.025252525252525252,
    "r0_I_220": 0.025252525252525252,
    "r0_I_222": 0.025252525252525252,
    "r0_I_224": 0.025252525252525252,
    "r0_I_226": 0.025252525252525252,
    "r0_I_228": 0.025252525252525252,
    "r0_I_230": 0.025252525252525252,
    "r0_I_232": 0.025252525252525252,
    "r0_I_234": 0.025252525252525252,
    "r0_I_236": 0.025252525252525252,
    "r0_I_238": 0.025252525252525252,
    "r0_I_240": 0.025252525252525252,
    "r0_I_242": 0.025252525252525252,
    "r0_I_244": 0.025252525252525252,
    "r0_I_246": 0.025252525252525252,
    "r0_I_248": 0.025252525252525252,
    "r0_I_250": 0.025252525252525252,
    "r0_I_252": 0.025252525252525252,
    "r0_I_254": 0.025252525252525252,
    "r0_I_256": 0.025252525252525252,
    "r0_I_258": 0.025252525252525252,
    "r0_I_260": 0.025252525252525252,
    "r0_I_262": 0.025252525252525252,
    "r0_I_264": 0.025252525252525252,
    "r0_I_266": 0.025252525252525252,
    "r0_I_268": 0.025252525252525252,
    "r0_I_270": 0.025252525252525252,
    "r0_I_272": 0.025252525252525252,
    "r0_I_274": 0.025252525252525252,
    "r0_I_276": 0.025252525252525252,
    "r0_I_278": 0.025252525252525252,
    "r0_I_280": 0.025252525252525252,
    "r0_I_282": 0.025252525252525252,
    "r0_I_284": 0.025252525252525252,
    "r0_I_286": 0.025252525252525252,
    "r0_I_288": 0.025252525252525252,
    "r0_I_290": 0.025252525252525252,
    "r0_I_292": 0.025252525252525252,
    "r0_I_294": 0.025252525252525252,
    "r0_I_296": 0.025252525252525252,
    "r0_I_298": 0.025252525252525252,
    "r0_I_300": 0.025252525252525252,
    "r0_I_302": 0.025252525252525252,
    "r0_I_304": 0.025252525252525252,
    "r0_I_306": 0.025252525252525252,
    "r0_I_308": 0.025252525252525252,
    "r0_I_310": 0.025252525252525252,
    "r0_I_312": 0.025252525252525252,
    "r0_I_314": 0.025252525252525252,
    "r0_I_316": 0.025252525252525252,
    "r0_I_318": 0.025252525252525252,
    "r0_I_320": 0.025252525252525252,
    "r0_I_322": 0.025252525252525252,
    "r0_I_324": 0.025252525252525252,
    "r0_I_326": 0.025252525252525252,
    "r0_I_328": 0.025252525252525252,
    "r0_I_330": 0.025252525252525252,
    "r0_I_332": 0.025252525252525252,
    "r0_I_334": 0.025252525252525252,
    "r0_I_336": 0.025252525252525252,
    "r0_I_338": 0.025252525252525252,
    "r0_I_340": 0.025252525252525252,
    "r0_I_342": 0.025252525252525252,
    "r0_I_344": 0.025252525252525252,
    "r0_I_346": 0.025252525252525252,
    "r0_I_348": 0.025252525252525252,
    "r0_I_350": 0.025252525252525252,
    "r0_I_352": 0.025252525252525252,
    "r0_I_354": 0.025252525252525252,
    "r0_I_356": 0.025252525252525252,
    "r0_I_358": 0.025252525252525252,
    "r0_I_360": 0.025252525252525252,
    "r0_I_362": 0.025252525252525252,
    "r0_I_364": 0.025252525252525252,
    "r0_I_366": 0.025252525252525252,
    "r0_I_368": 0.025252525252525252,
    "r0_I_370": 0.025252525252525252,
    "r0_I_372": 0.025252525252525252,
    "r0_I_374": 0.025252525252525252,
    "r0_I_376": 0.025252525252525252,
    "r0_I_378": 0.025252525252525252,
    "r0_I_380": 0.025252525252525252,
    "r0_I_382": 0.025252525252525252,
    "r0_I_384": 0.025252525252525252,
    "r0_I_386": 0.025252525252525252,
    "r0_I_388": 0.025252525252525252,
    "r0_I_390": 0.025252525252525252,
    "r0_I_392": 0.025252525252525252,
    "r0_I_394": 0.025252525252525252,
    "r0_I_396": 0.025252525252525252,
    "r0_I_398": 0.025252525252525252,
    "r1_I_200": 0.0,
    "r1_I_202": 0.002576788291074005,
    "r1_I_204": 0.012059369202226345,
    "r1_I_206": 0.012059369202226345,
    "r1_I_208": 0.012059369202226345,
    "r1_I_210": 0.012265512265512266,
    "r1_I_212": 0.01422387136672851,
    "r1_I_214": 0.022057307771593485,
    "r1_I_216": 0.02906617192331478,
    "r1_I_218": 0.02947845804988662,
    "r1_I_220": 0.02947845804988662,
    "r1_I_222": 0.02947845804988662,
    "r1_I_224": 0.02947845804988662,
    "r1_I_226": 0.02947845804988662,
    "r1_I_228": 0.02947845804988662,
    "r1_I_230": 0.02947845804988662,
    "r1_I_232": 0.02947845804988662,
    "r1_I_234": 0.02947845804988662,
    "r1_I_236": 0.02947845804988662,
    "r1_I_238": 0.02947845804988662,
    "r1_I_240": 0.02947845804988662,
    "r1_I_242": 0.02947845804988662,
    "r1_I_244": 0.02947845804988662,
    "r1_I_246": 0.02947845804988662,
    "r1_I_248": 0.02947845804988662,
    "r1_I_250": 0.02947845804988662,
    "r1_I_252": 0.02947845804988662,
    "r1_I_254": 0.02947845804988662,
    "r1_I_256": 0.02947845804988662,
    "r1_I_258": 0.02947845804988662,
    "r1_I_260": 0.02947845804988662,
    "r1_I_262": 0.02947845804988662,
    "r1_I_264": 0.02947845804988662,
    "r1_I_266": 0.02947845804988662,
    "r1_I_268": 0.02947845804988662,
    "r1_I_270": 0.02947845804988662,
    "r1_I_272": 0.02947845804988662,
    "r1_I_274": 0.02947845804988662,
    "r1_I_276": 0.02947845804988662,
    "r1_I_278": 0.02947845804988662,
    "r1_I_280": 0.02947845804988662,
    "r1_I_282": 0.02947845804988662,
    "r1_I_284": 0.02947845804988662,
    "r1_I_286": 0.02947845804988662,
    "r1_I_288": 0.02947845804988662,
    "r1_I_290": 0.02947845804988662,
    "r1_I_292": 0.02947845804988662,
    "r1_I_294": 0.02947845804988662,
    "r1_I_296": 0.02947845804988662,
    "r1_I_298": 0.02947845804988662,
    "r1_I_300": 0.02947845804988662,
    "r1_I_302": 0.02947845804988662,
    "r1_I_304": 0.02947845804988662,
    "r1_I_306": 0.02947845804988662,
    "r1_I_308": 0.02947845804988662,
    "r1_I_310": 0.02947845804988662,
    "r1_I_312": 0.02947845804988662,
    "r1_I_314": 0.02947845804988662,
    "r1_I_316": 0.02947845804988662,
    "r1_I_318": 0.02947845804988662,
    "r1_I_320": 0.02947845804988662,
    "r1_I_322": 0.02947845804988662,
    "r1_I_324": 0.02947845804988662,
    "r1_I_326": 0.02947845804988662,
    "r1_I_328": 0.02947845804988662,
    "r1_I_330": 0.02947845804988662,
    "r1_I_332": 0.02947845804988662,
    "r1_I_334": 0.02947845804988662,
    "r1_I_336": 0.02947845804988662,
    "r1_I_338": 0.02947845804988662,
    "r1_I_340": 0.02947845804988662,
    "r1_I_342": 0.02947845804988662,
    "r1_I_344": 0.02947845804988662,
    "r1_I_346": 0.02947845804988662,
    "r1_I_348": 0.02947845804988662,
    "r1_I_350": 0.02947845804988662,
    "r1_I_352": 0.02947845804988662,
    "r1_I_354": 0.02947845804988662,
    "r1_I_356": 0.02947845804988662,
    "r1_I_358": 0.02947845804988662,
    "r1_I_360": 0.02947845804988662,
    "r1_I_362": 0.02947845804988662,
    "r1_I_364": 0.02947845804988662,
    "r1_I_366": 0.02947845804988662,
    "r1_I_368": 0.02947845804988662,
    "r1_I_370": 0.02947845804988662,
    "r1_I_372": 0.02947845804988662,
    "r1_I_374": 0.02947845804988662,
    "r1_I_376": 0.02947845804988662,
    "r1_I_378": 0.02947845804988662,
    "r1_I_380": 0.02947845804988662,
    "r1_I_382": 0.02947845804988662,
    "r1_I_384": 0.02947845804988662,
    "r1_I_386": 0.02947845804988662,
    "r1_I_388": 0.02947845804988662,
    "r1_I_390": 0.02947845804988662,
    "r1_I_392": 0.02947845804988662,
    "r1_I_394": 0.02947845804988662,
    "r1_I_396": 0.02947845804988662,
    "r1_I_398": 0.02947845804988662,
    "r2_I_200": 0.0,