{
  "noc_parameters": {
    "size": [
      3,
      3
    ],
    "buffer_size": 4,
    "activity_thresh": 3,
    "injection_rate_numerator": 3,
    "injection_rate_denominator": 10,
    "resistive_noise_threshold": null,
    "inductive_noise_threshold": null
  },
  "modest_command": "modest <model_file> --unsafe --max-run-length 0 -D --rng MersenneTwister -E ACTIVITY_THRESH=3",
  "verification_time_sec": 7.59968376159668,
  "properties": {
    "r0_R_1000": 0.129560915275201,
    "r1_R_1000": 0.7542774685631829,
    "r2_R_1000": 0.1274994846423418,
    "r3_R_1000": 0.5012368583797155,
    "r4_R_1000": 0.9549577406720264,
    "r5_R_1000": 0.4909297052154195,
    "r6_R_1000": 0.12193362193362194,
    "r7_R_1000": 0.7503607503607503,
    "r8_R_1000": 0.12368583797155226
  },
  "verification_type": "modes",
  "clock_cycle_bounds": [
    1000,
    1000
  ],
  "noc_model_file_path": "noc_model.modest",
  "raw_modest_output_path": "modest_output.txt"
}