{
  "noc_parameters": {
    "size": [
      2,
      2
    ],
    "buffer_size": 4,
    "activity_thresh": 3,
    "injection_rate_numerator": 3,
    "injection_rate_denominator": 10,
    "resistive_noise_threshold": null,
    "inductive_noise_threshold": null
  },
  "modest_command": "modest <model_file> --max-run-length 0 --unsafe -E ACTIVITY_THRESH=3,NOC_MESH_WIDTH=2,NOC_MESH_HEIGHT=2,BURST=10,SLEEP=200,INIT_SLEEP_OFFSET=10,INIT_SLEEP_SCALE=0",
  "verification_time_sec": 58.9095733165741,
  "properties": {
    "r0_R_0": 0.0,
    "r0_R_6": 0.0,
    "r0_R_12": 0.15605029890744176,
    "r0_R_18": 0.6837765409193981,
    "r0_R_24": 0.8049886621315193,
    "r0_R_30": 0.8050917336631622,
    "r0_R_36": 0.8050917336631622,
    "r0_R_42": 0.8050917336631622,
    "r0_R_48": 0.8050917336631622,
    "r0_R_54": 0.8050917336631622,
    "r0_R_60": 0.8050917336631622,
    "r0_R_66": 0.8050917336631622,
    "r0_R_72": 0.8050917336631622,
    "r0_R_78": 0.8050917336631622,
    "r0_R_84": 0.8050917336631622,
    "r0_R_90": 0.8050917336631622,
    "r0_R_96": 0.8050917336631622,
    "r0_R_102": 0.8050917336631622,
    "r0_R_108": 0.8050917336631622,
    "r0_R_114": 0.8050917336631622,
    "r0_R_120": 0.8050917336631622,
    "r0_R_126": 0.8050917336631622,
    "r0_R_132": 0.8050917336631622,
    "r0_R_138": 0.8050917336631622,
    "r0_R_144": 0.8050917336631622,
    "r0_R_150": 0.8050917336631622,
    "r0_R_156": 0.8050917336631622,
    "r0_R_162": 0.8050917336631622,
    "r0_R_168": 0.8050917336631622,
    "r0_R_174": 0.8050917336631622,
    "r0_R_180": 0.8050917336631622,
    "r0_R_186": 0.8050917336631622,
    "r0_R_192": 0.8050917336631622,
    "r0_R_198": 0.8050917336631622,
    "r0_R_204": 0.8050917336631622,
    "r0_R_210": 0.8050917336631622,
    "r0_R_216": 0.8050917336631622,
    "r0_R_222": 0.8050917336631622,
    "r0_R_228": 0.9231086373943517,
    "r0_R_234": 0.9625850340136054,
    "r0_R_240": 0.9625850340136054,
    "r0_R_246": 0.9625850340136054,
    "r0_R_252": 0.9625850340136054,
    "r0_R_258": 0.9625850340136054,
    "r0_R_264": 0.9625850340136054,
    "r0_R_270": 0.9625850340136054,
    "r0_R_276": 0.9625850340136054,
    "r0_R_282": 0.9625850340136054,
    "r0_R_288": 0.9625850340136054,
    "r0_R_294": 0.9625850340136054,
    "r0_R_300": 0.9625850340136054,
    "r0_R_306": 0.9625850340136054,
    "r0_R_312": 0.9625850340136054,
    "r0_R_318": 0.9625850340136054,
    "r0_R_324": 0.9625850340136054,
    "r0_R_330": 0.9625850340136054,
    "r0_R_336": 0.9625850340136054,
    "r0_R_342": 0.9625850340136054,
    "r0_R_348": 0.9625850340136054,
    "r0_R_354": 0.9625850340136054,
    "r0_R_360": 0.9625850340136054,
    "r0_R_366": 0.9625850340136054,
    "r0_R_372": 0.9625850340136054,
    "r0_R_378": 0.9625850340136054,
    "r0_R_384": 0.9625850340136054,
    "r0_R_390": 0.9625850340136054,
    "r0_R_396": 0.9625850340136054,
    "r0_R_402": 0.9625850340136054,
    "r0_R_408": 0.9625850340136054,
    "r0_R_414": 0.9625850340136054,
    "r0_R_420": 0.9625850340136054,
    "r0_R_426": 0.9625850340136054,
    "r0_R_432": 0.9625850340136054,
    "r0_R_438": 0.9840239125953412,
    "r0_R_444": 0.9931972789115646,
    "r0_R_450": 0.9931972789115646,
    "r0_R_456": 0.9931972789115646,
    "r0_R_462": 0.9931972789115646,
    "r0_R_468": 0.9931972789115646,
    "r0_R_474": 0.9931972789115646,
    "r0_R_480": 0.9931972789115646,
    "r0_R_486": 0.9931972789115646,
    "r0_R_492": 0.9931972789115646,
    "r0_R_498": 0.9931972789115646,
    "r0_R_504": 0.9931972789115646,
    "r0_R_510": 0.9931972789115646,
    "r0_R_516": 0.9931972789115646,
    "r0_R_522": 0.9931972789115646,
    "r0_R_528": 0.9931972789115646,
    "r0_R_534": 0.9931972789115646,
    "r0_R_540": 0.9931972789115646,
    "r0_R_546": 0.9931972789115646,
    "r0_R_552": 0.9931972789115646,
    "r0_R_558": 0.9931972789115646,
    "r0_R_564": 0.9931972789115646,
    "r0_R_570": 0.9931972789115646,
    "r0_R_576": 0.9931972789115646,
    "r0_R_582": 0.9931972789115646,
    "r0_R_588": 0.9931972789115646,
    "r0_R_594": 0.9931972789115646,
    "r0_R_600": 0.9931972789115646,
    "r1_R_0": 0.0,
    "r1_R_6": 0.0,
    "r1_R_12": 0.15501958359101217,
    "r1_R_18": 0.6691403834260977,
    "r1_R_24": 0.7950937950937951,
    "r1_R_30": 0.7951968666254381,
    "r1_R_36": 0.7951968666254381,
    "r1_R_42": 0.7951968666254381,
    "r1_R_48": 0.7951968666254381,
    "r1_R_54": 0.7951968666254381,
    "r1_R_60": 0.7951968666254381,
    "r1_R_66": 0.7951968666254381,
    "r1_R_72": 0.7951968666254381,
    "r1_R_78": 0.7951968666254381,
    "r1_R_84": 0.7951968666254381,
    "r1_R_90": 0.7951968666254381,
    "r1_R_96": 0.7951968666254381,
    "r1_R_102": 0.7951968666254381,
    "r1_R_108": 0.7951968666254381,
    "r1_R_114": 0.7951968666254381,
    "r1_R_120": 0.7951968666254381,
    "r1_R_126": 0.7951968666254381,
    "r1_R_132": 0.7951968666254381,
    "r1_R_138": 0.7951968666254381,
    "r1_R_144": 0.7951968666254381,
    "r1_R_150": 0.7951968666254381,
    "r1_R_156": 0.7951968666254381,
    "r1_R_162": 0.7951968666254381,
    "r1_R_168": 0.7951968666254381,
    "r1_R_174": 0.7951968666254381,
    "r1_R_180": 0.7951968666254381,
    "r1_R_186": 0.7951968666254381,
    "r1_R_192": 0.7951968666254381,
    "r1_R_198": 0.7951968666254381,
    "r1_R_204": 0.7951968666254381,
    "r1_R_210": 0.7951968666254381,
    "r1_R_216": 0.7951968666254381,
    "r1_R_222": 0.7951968666254381,
    "r1_R_228": 0.9204287775716347,
    "r1_R_234": 0.961142032570604,
    "r1_R_240": 0.961142032570604,
    "r1_R_246": 0.961142032570604,
    "r1_R_252": 0.961142032570604,
    "r1_R_258": 0.961142032570604,
    "r1_R_264": 0.961142032570604,
    "r1_R_270": 0.961142032570604,
    "r1_R_276": 0.961142032570604,
    "r1_R_282": 0.961142032570604,
    "r1_R_288": 0.961142032570604,
    "r1_R_294": 0.961142032570604,
    "r1_R_300": 0.961142032570604,
    "r1_R_306": 0.961142032570604,
    "r1_R_312": 0.961142032570604,
    "r1_R_318": 0.961142032570604,
    "r1_R_324": 0.961142032570604,
    "r1_R_330": 0.961142032570604,
    "r1_R_336": 0.961142032570604,
    "r1_R_342": 0.961142032570604,
    "r1_R_348": 0.961142032570604,
    "r1_R_354": 0.961142032570604,
    "r1_R_360": 0.961142032570604,
    "r1_R_366": 0.961142032570604,
    "r1_R_372": 0.961142032570604,
    "r1_R_378": 0.961142032570604,
    "r1_R_384": 0.961142032570604,
    "r1_R_390": 0.961142032570604,
    "r1_R_396": 0.961142032570604,
    "r1_R_402": 0.961142032570604,
    "r1_R_408": 0.961142032570604,
    "r1_R_414": 0.961142032570604,
    "r1_R_420": 0.961142032570604,
    "r1_R_426": 0.961142032570604,
    "r1_R_432": 0.961142032570604,
    "r1_R_438": 0.9825809111523397,
    "r1_R_444": 0.9920634920634921,
    "r1_R_450": 0.9920634920634921,
    "r1_R_456": 0.9920634920634921,
    "r1_R_462": 0.9920634920634921,
    "r1_R_468": 0.9920634920634921,
    "r1_R_474": 0.9920634920634921,
    "r1_R_480": 0.9920634920634921,
    "r1_R_486": 0.9920634920634921,
    "r1_R_492": 0.9920634920634921,
    "r1_R_498": 0.9920634920634921,
    "r1_R_504": 0.9920634920634921,
    "r1_R_510": 0.9920634920634921,
    "r1_R_516": 0.9920634920634921,
    "r1_R_522": 0.9920634920634921,
    "r1_R_528": 0.9920634920634921,
    "r1_R_534": 0.9920634920634921,
    "r1_R_540": 0.9920634920634921,
    "r1_R_546": 0.9920634920634921,
    "r1_R_552": 0.9920634920634921,
    "r1_R_558": 0.9920634920634921,
    "r1_R_564": 0.9920634920634921,
    "r1_R_570": 0.9920634920634921,
    "r1_R_576": 0.9920634920634921,
    "r1_R_582": 0.9920634920634921,
    "r1_R_588": 0.9920634920634921,
    "r1_R_594": 0.9920634920634921,
    "r1_R_600": 0.9920634920634921,
    "r2_R_0": 0.0,
    "r2_R_6": 0.0,
    "r2_R_12": 0.15357658214801073,
    "r2_R_18": 0.6754277468563182,
    "r2_R_24": 0.8034425891568748,
    "r2_R_30": 0.8034425891568748,
    "r2_R_36": 0.8034425891568748,
    "r2_R_42": 0.8034425891568748,
    "r2_R_48": 0.8034425891568748,
    "r2_R_54": 0.8034425891568748,