{
  "noc_parameters": {
    "size": [
      2,
      2
    ],
    "buffer_size": 4,
    "activity_thresh": 3,
    "injection_rate_numerator": 3,
    "injection_rate_denominator": 10,
    "resistive_noise_threshold": 20,
    "inductive_noise_threshold": 1
  },
  "modest_command": "modest <model_file> --unsafe --max-run-length 0 -D --rng MersenneTwister -E RESISTIVE_THRESH=20, INDUCTIVE_THRESH=1",
  "verification_time_sec": 85.4214813709259,
  "properties": {
    "\"R_200\"": 0.2134611420325706,
    "\"R_201\"": 0.23665223665223664,
    "\"R_202\"": 0.2756132756132756,
    "\"R_203\"": 0.2831374974232117,
    "\"R_204\"": 0.2831374974232117,
    "\"R_205\"": 0.2831374974232117,
    "\"R_206\"": 0.2831374974232117,
    "\"R_207\"": 0.2831374974232117,
    "\"R_208\"": 0.2831374974232117,
    "\"R_209\"": 0.2831374974232117,
    "\"R_210\"": 0.2831374974232117,
    "\"R_211\"": 0.31148216862502576,
    "\"R_212\"": 0.3551844980416409,
    "\"R_213\"": 0.362708719851577,
    "\"R_214\"": 0.362708719851577,
    "\"R_215\"": 0.362708719851577,
    "\"R_216\"": 0.362708719851577,
    "\"R_217\"": 0.362708719851577,
    "\"R_218\"": 0.362708719851577,
    "\"R_219\"": 0.362708719851577,
    "\"R_220\"": 0.362708719851577,
    "\"R_221\"": 0.38899196042053186,
    "\"R_222\"": 0.43774479488765206,
    "\"R_223\"": 0.4450628736343022,
    "\"R_224\"": 0.4450628736343022,
    "\"R_225\"": 0.4450628736343022,
    "\"R_226\"": 0.4450628736343022,
    "\"R_227\"": 0.4450628736343022,
    "\"R_228\"": 0.4450628736343022,
    "\"R_229\"": 0.4450628736343022,
    "\"R_230\"": 0.4450628736343022,
    "\"R_231\"": 0.4709338280766852,
    "\"R_232\"": 0.5132962275819418,
    "\"R_233\"": 0.5202020202020202,
    "\"R_234\"": 0.5202020202020202,
    "\"R_235\"": 0.5202020202020202,
    "\"R_236\"": 0.5202020202020202,
    "\"R_237\"": 0.5202020202020202,
    "\"R_238\"": 0.5202020202020202,
    "\"R_239\"": 0.5202020202020202,
    "\"R_240\"": 0.5202020202020202,
    "\"R_241\"": 0.5474129045557617,
    "\"R_242\"": 0.5891568748711606,
    "\"R_243\"": 0.59575345289631,
    "\"R_244\"": 0.59575345289631,
    "\"R_245\"": 0.59575345289631,
    "\"R_246\"": 0.59575345289631,
    "\"R_247\"": 0.59575345289631,
    "\"R_248\"": 0.59575345289631,
    "\"R_249\"": 0.59575345289631,
    "\"R_250\"": 0.59575345289631,
    "\"R_251\"": 0.6181199752628324,
    "\"R_252\"": 0.6569779426922284,
    "\"R_253\"": 0.6622345908060194,
    "\"R_254\"": 0.6622345908060194,
    "\"R_255\"": 0.6622345908060194,
    "\"R_256\"": 0.6622345908060194,
    "\"R_257\"": 0.6622345908060194,
    "\"R_258\"": 0.6622345908060194,
    "\"R_259\"": 0.6622345908060194,
    "\"R_260\"": 0.6622345908060194,
    "\"R_261\"": 0.6858379715522572,
    "\"R_262\"": 0.7170686456400742,
    "\"R_263\"": 0.7216037930323644,
    "\"R_264\"": 0.7216037930323644,
    "\"R_265\"": 0.7216037930323644,
    "\"R_266\"": 0.7216037930323644,
    "\"R_267\"": 0.7216037930323644,
    "\"R_268\"": 0.7216037930323644,
    "\"R_269\"": 0.7216037930323644,
    "\"R_270\"": 0.7216037930323644,
    "\"R_271\"": 0.7440733869305298,
    "\"R_272\"": 0.7766439909297053,
    "\"R_273\"": 0.7810760667903525,
    "\"R_274\"": 0.7810760667903525,
    "\"R_275\"": 0.7810760667903525,
    "\"R_276\"": 0.7810760667903525,
    "\"R_277\"": 0.7810760667903525,
    "\"R_278\"": 0.7810760667903525,
    "\"R_279\"": 0.7810760667903525,
    "\"R_280\"": 0.7810760667903525,
    "\"R_281\"": 0.8000412286126571,
    "\"R_282\"": 0.8254998969284684,
    "\"R_283\"": 0.8284889713461142,
    "\"R_284\"": 0.8284889713461142,
    "\"R_285\"": 0.8284889713461142,
    "\"R_286\"": 0.8284889713461142,
    "\"R_287\"": 0.8284889713461142,
    "\"R_288\"": 0.8284889713461142,
    "\"R_289\"": 0.8284889713461142,
    "\"R_290\"": 0.8284889713461142,
    "\"R_291\"": 0.8421974850546279,
    "\"R_292\"": 0.8671407957122242,
    "\"R_293\"": 0.8698206555349413,
    "\"R_294\"": 0.8698206555349413,
    "\"R_295\"": 0.8698206555349413,
    "\"R_296\"": 0.8698206555349413,
    "\"R_297\"": 0.8698206555349413,
    "\"R_298\"": 0.8698206555349413,
    "\"R_299\"": 0.8698206555349413
  },
  "verification_type": "modes",
  "clock_cycle_bounds": [
    200,
    299
  ],
  "noc_model_file_path": "noc_model.modest",
  "raw_modest_output_path": "modest_output.txt"
}