{
  "noc_parameters": {
    "size": [
      2,
      2
    ],
    "buffer_size": 4,
    "activity_thresh": 3,
    "injection_rate_numerator": 3,
    "injection_rate_denominator": 10,
    "resistive_noise_threshold": 10,
    "inductive_noise_threshold": 1
  },
  "modest_command": "modest <model_file> --unsafe --max-run-length 0 -D --rng MersenneTwister -E RESISTIVE_NOISE_THRESH=10, INDUCTIVE_NOISE_THRESH=1",
  "verification_time_sec": 129.24137473106384,
  "properties": {
    "\"R_200\"": 0.9732014017728303,
    "\"R_201\"": 0.9763966192537621,
    "\"R_202\"": 0.9821686250257678,
    "\"R_203\"": 0.9829931972789115,
    "\"R_204\"": 0.9829931972789115,
    "\"R_205\"": 0.9829931972789115,
    "\"R_206\"": 0.9829931972789115,
    "\"R_207\"": 0.9829931972789115,
    "\"R_208\"": 0.9829931972789115,
    "\"R_209\"": 0.9829931972789115,
    "\"R_210\"": 0.9829931972789115,
    "\"R_211\"": 0.9851576994434137,
    "\"R_212\"": 0.9884559884559885,
    "\"R_213\"": 0.9889713461142032,
    "\"R_214\"": 0.9889713461142032,
    "\"R_215\"": 0.9889713461142032,
    "\"R_216\"": 0.9889713461142032,
    "\"R_217\"": 0.9889713461142032,
    "\"R_218\"": 0.9889713461142032,
    "\"R_219\"": 0.9889713461142032,
    "\"R_220\"": 0.9889713461142032,
    "\"R_221\"": 0.9910327767470625,
    "\"R_222\"": 0.9927849927849928,
    "\"R_223\"": 0.9931972789115646,
    "\"R_224\"": 0.9931972789115646,
    "\"R_225\"": 0.9931972789115646,
    "\"R_226\"": 0.9931972789115646,
    "\"R_227\"": 0.9931972789115646,
    "\"R_228\"": 0.9931972789115646,
    "\"R_229\"": 0.9931972789115646,
    "\"R_230\"": 0.9931972789115646,
    "\"R_231\"": 0.9940218511647083,
    "\"R_232\"": 0.9954648526077098,
    "\"R_233\"": 0.9955679241393527,
    "\"R_234\"": 0.9955679241393527,
    "\"R_235\"": 0.9955679241393527,
    "\"R_236\"": 0.9955679241393527,
    "\"R_237\"": 0.9955679241393527,
    "\"R_238\"": 0.9955679241393527,
    "\"R_239\"": 0.9955679241393527,
    "\"R_240\"": 0.9955679241393527,
    "\"R_241\"": 0.9961863533292105,
    "\"R_242\"": 0.9968047825190682,
    "\"R_243\"": 0.9970109255823542,
    "\"R_244\"": 0.9970109255823542,
    "\"R_245\"": 0.9970109255823542,
    "\"R_246\"": 0.9970109255823542,
    "\"R_247\"": 0.9970109255823542,
    "\"R_248\"": 0.9970109255823542,
    "\"R_249\"": 0.9970109255823542,
    "\"R_250\"": 0.9970109255823542,
    "\"R_251\"": 0.9976293547722119,
    "\"R_252\"": 0.9983508554937126,
    "\"R_253\"": 0.9983508554937126,
    "\"R_254\"": 0.9983508554937126,
    "\"R_255\"": 0.9983508554937126,
    "\"R_256\"": 0.9983508554937126,
    "\"R_257\"": 0.9983508554937126,
    "\"R_258\"": 0.9983508554937126,
    "\"R_259\"": 0.9983508554937126,
    "\"R_260\"": 0.9983508554937126,
    "\"R_261\"": 0.9987631416202845,
    "\"R_262\"": 0.9991754277468563,
    "\"R_263\"": 0.9992784992784993,
    "\"R_264\"": 0.9992784992784993,
    "\"R_265\"": 0.9992784992784993,
    "\"R_266\"": 0.9992784992784993,
    "\"R_267\"": 0.9992784992784993,
    "\"R_268\"": 0.9992784992784993,
    "\"R_269\"": 0.9992784992784993,
    "\"R_270\"": 0.9992784992784993,
    "\"R_271\"": 0.9992784992784993,
    "\"R_272\"": 0.9993815708101422,
    "\"R_273\"": 0.9993815708101422,
    "\"R_274\"": 0.9993815708101422,
    "\"R_275\"": 0.9993815708101422,
    "\"R_276\"": 0.9993815708101422,
    "\"R_277\"": 0.9993815708101422,
    "\"R_278\"": 0.9993815708101422,
    "\"R_279\"": 0.9993815708101422,
    "\"R_280\"": 0.9993815708101422,
    "\"R_281\"": 0.9996907854050712,
    "\"R_282\"": 0.9998969284683571,
    "\"R_283\"": 0.9998969284683571,
    "\"R_284\"": 0.9998969284683571,
    "\"R_285\"": 0.9998969284683571,
    "\"R_286\"": 0.9998969284683571,
    "\"R_287\"": 0.9998969284683571,
    "\"R_288\"": 0.9998969284683571,
    "\"R_289\"": 0.9998969284683571,
    "\"R_290\"": 0.9998969284683571,
    "\"R_291\"": 0.9998969284683571,
    "\"R_292\"": 0.9998969284683571,
    "\"R_293\"": 0.9998969284683571,
    "\"R_294\"": 0.9998969284683571,
    "\"R_295\"": 0.9998969284683571,
    "\"R_296\"": 0.9998969284683571,
    "\"R_297\"": 0.9998969284683571,
    "\"R_298\"": 0.9998969284683571,
    "\"R_299\"": 0.9998969284683571
  },
  "verification_type": "modes",
  "clock_cycle_bounds": [
    200,
    299
  ],
  "noc_model_file_path": "noc_model.modest",
  "raw_modest_output_path": "modest_output.txt"
}