{
  "noc_parameters": {
    "size": [
      2,
      2
    ],
    "buffer_size": 4,
    "activity_thresh": 3,
    "injection_rate_numerator": 3,
    "injection_rate_denominator": 10,
    "resistive_noise_threshold": null,
    "inductive_noise_threshold": null
  },
  "modest_command": "modest <model_file> --max-run-length 0 -D --rng MersenneTwister -E ACTIVITY_THRESH=3,NOC_MESH_WIDTH=2,NOC_MESH_HEIGHT=2",
  "verification_time_sec": 737.2732589244843,
  "properties": {
    "r0_R_200": 0.0,
    "r0_R_202": 0.0055658627087198514,
    "r0_R_204": 0.1504844361987219,
    "r0_R_206": 0.34498041640898786,
    "r0_R_208": 0.5072150072150072,
    "r0_R_210": 0.6367759224902082,
    "r0_R_212": 0.7222222222222222,
    "r0_R_214": 0.7542774685631829,
    "r0_R_216": 0.7569573283858998,
    "r0_R_218": 0.7569573283858998,
    "r0_R_220": 0.7569573283858998,
    "r0_R_222": 0.7569573283858998,
    "r0_R_224": 0.7569573283858998,
    "r0_R_226": 0.7569573283858998,
    "r0_R_228": 0.7569573283858998,
    "r0_R_230": 0.7569573283858998,
    "r0_R_232": 0.7569573283858998,
    "r0_R_234": 0.7569573283858998,
    "r0_R_236": 0.7569573283858998,
    "r0_R_238": 0.7569573283858998,
    "r0_R_240": 0.7569573283858998,
    "r0_R_242": 0.7569573283858998,
    "r0_R_244": 0.7569573283858998,
    "r0_R_246": 0.7569573283858998,
    "r0_R_248": 0.7569573283858998,
    "r0_R_250": 0.7569573283858998,
    "r0_R_252": 0.7569573283858998,
    "r0_R_254": 0.7569573283858998,
    "r0_R_256": 0.7569573283858998,
    "r0_R_258": 0.7569573283858998,
    "r0_R_260": 0.7569573283858998,
    "r0_R_262": 0.7569573283858998,
    "r0_R_264": 0.7569573283858998,
    "r0_R_266": 0.7569573283858998,
    "r0_R_268": 0.7569573283858998,
    "r0_R_270": 0.7569573283858998,
    "r0_R_272": 0.7569573283858998,
    "r0_R_274": 0.7569573283858998,
    "r0_R_276": 0.7569573283858998,
    "r0_R_278": 0.7569573283858998,
    "r0_R_280": 0.7569573283858998,
    "r0_R_282": 0.7569573283858998,
    "r0_R_284": 0.7569573283858998,
    "r0_R_286": 0.7569573283858998,
    "r0_R_288": 0.7569573283858998,
    "r0_R_290": 0.7569573283858998,
    "r0_R_292": 0.7569573283858998,
    "r0_R_294": 0.7569573283858998,
    "r0_R_296": 0.7569573283858998,
    "r0_R_298": 0.7569573283858998,
    "r0_R_300": 0.7569573283858998,
    "r0_R_302": 0.7569573283858998,
    "r0_R_304": 0.7569573283858998,
    "r0_R_306": 0.7569573283858998,
    "r0_R_308": 0.7569573283858998,
    "r0_R_310": 0.7569573283858998,
    "r0_R_312": 0.7569573283858998,
    "r0_R_314": 0.7569573283858998,
    "r0_R_316": 0.7569573283858998,
    "r0_R_318": 0.7569573283858998,
    "r0_R_320": 0.7569573283858998,
    "r0_R_322": 0.7569573283858998,
    "r0_R_324": 0.7569573283858998,
    "r0_R_326": 0.7569573283858998,
    "r0_R_328": 0.7569573283858998,
    "r0_R_330": 0.7569573283858998,
    "r0_R_332": 0.7569573283858998,
    "r0_R_334": 0.7569573283858998,
    "r0_R_336": 0.7569573283858998,
    "r0_R_338": 0.7569573283858998,
    "r0_R_340": 0.7569573283858998,
    "r0_R_342": 0.7569573283858998,
    "r0_R_344": 0.7569573283858998,
    "r0_R_346": 0.7569573283858998,
    "r0_R_348": 0.7569573283858998,
    "r0_R_350": 0.7569573283858998,
    "r0_R_352": 0.7569573283858998,
    "r0_R_354": 0.7569573283858998,
    "r0_R_356": 0.7569573283858998,
    "r0_R_358": 0.7569573283858998,
    "r0_R_360": 0.7569573283858998,
    "r0_R_362": 0.7569573283858998,
    "r0_R_364": 0.7569573283858998,
    "r0_R_366": 0.7569573283858998,
    "r0_R_368": 0.7569573283858998,
    "r0_R_370": 0.7569573283858998,
    "r0_R_372": 0.7569573283858998,
    "r0_R_374": 0.7569573283858998,
    "r0_R_376": 0.7569573283858998,
    "r0_R_378": 0.7569573283858998,
    "r0_R_380": 0.7569573283858998,
    "r0_R_382": 0.7569573283858998,
    "r0_R_384": 0.7569573283858998,
    "r0_R_386": 0.7569573283858998,
    "r0_R_388": 0.7569573283858998,
    "r0_R_390": 0.7569573283858998,
    "r0_R_392": 0.7569573283858998,
    "r0_R_394": 0.7569573283858998,
    "r0_R_396": 0.7569573283858998,
    "r0_R_398": 0.7569573283858998,
    "r1_R_200": 0.0,
    "r1_R_202": 0.006905792620078334,
    "r1_R_204": 0.13553906411049269,
    "r1_R_206": 0.31828488971346114,
    "r1_R_208": 0.47753040610183467,
    "r1_R_210": 0.6159554730983302,
    "r1_R_212": 0.7082044939187796,
    "r1_R_214": 0.7400535971964544,
    "r1_R_216": 0.7427334570191713,
    "r1_R_218": 0.7428365285508143,
    "r1_R_220": 0.7429396000824572,
    "r1_R_222": 0.7429396000824572,
    "r1_R_224": 0.7429396000824572,
    "r1_R_226": 0.7429396000824572,
    "r1_R_228": 0.7429396000824572,
    "r1_R_230": 0.7429396000824572,
    "r1_R_232": 0.7429396000824572,
    "r1_R_234": 0.7429396000824572,
    "r1_R_236": 0.7429396000824572,
    "r1_R_238": 0.7429396000824572,
    "r1_R_240": 0.7429396000824572,
    "r1_R_242": 0.7429396000824572,
    "r1_R_244": 0.7429396000824572,
    "r1_R_246": 0.7429396000824572,
    "r1_R_248": 0.7429396000824572,
    "r1_R_250": 0.7429396000824572,
    "r1_R_252": 0.7429396000824572,
    "r1_R_254": 0.7429396000824572,
    "r1_R_256": 0.7429396000824572,
    "r1_R_258": 0.7429396000824572,
    "r1_R_260": 0.7429396000824572,
    "r1_R_262": 0.7429396000824572,
    "r1_R_264": 0.7429396000824572,
    "r1_R_266": 0.7429396000824572,
    "r1_R_268": 0.7429396000824572,
    "r1_R_270": 0.7429396000824572,
    "r1_R_272": 0.7429396000824572,
    "r1_R_274": 0.7429396000824572,
    "r1_R_276": 0.7429396000824572,
    "r1_R_278": 0.7429396000824572,
    "r1_R_280": 0.7429396000824572,
    "r1_R_282": 0.7429396000824572,
    "r1_R_284": 0.7429396000824572,
    "r1_R_286": 0.7429396000824572,
    "r1_R_288": 0.7429396000824572,
    "r1_R_290": 0.7429396000824572,
    "r1_R_292": 0.7429396000824572,
    "r1_R_294": 0.7429396000824572,
    "r1_R_296": 0.7429396000824572,
    "r1_R_298": 0.7429396000824572,
    "r1_R_300": 0.7429396000824572,
    "r1_R_302": 0.7429396000824572,
    "r1_R_304": 0.7429396000824572,
    "r1_R_306": 0.7429396000824572,
    "r1_R_308": 0.7429396000824572,
    "r1_R_310": 0.7429396000824572,
    "r1_R_312": 0.7429396000824572,
    "r1_R_314": 0.7429396000824572,
    "r1_R_316": 0.7429396000824572,
    "r1_R_318": 0.7429396000824572,
    "r1_R_320": 0.7429396000824572,
    "r1_R_322": 0.7429396000824572,
    "r1_R_324": 0.7429396000824572,
    "r1_R_326": 0.7429396000824572,
    "r1_R_328": 0.7429396000824572,
    "r1_R_330": 0.7429396000824572,
    "r1_R_332": 0.7429396000824572,
    "r1_R_334": 0.7429396000824572,
    "r1_R_336": 0.7429396000824572,
    "r1_R_338": 0.7429396000824572,
    "r1_R_340": 0.7429396000824572,
    "r1_R_342": 0.7429396000824572,
    "r1_R_344": 0.7429396000824572,
    "r1_R_346": 0.7429396000824572,
    "r1_R_348": 0.7429396000824572,
    "r1_R_350": 0.7429396000824572,
    "r1_R_352": 0.7429396000824572,
    "r1_R_354": 0.7429396000824572,
    "r1_R_356": 0.7429396000824572,
    "r1_R_358": 0.7429396000824572,
    "r1_R_360": 0.7429396000824572,
    "r1_R_362": 0.7429396000824572,
    "r1_R_364": 0.7429396000824572,
    "r1_R_366": 0.7429396000824572,
    "r1_R_368": 0.7429396000824572,
    "r1_R_370": 0.7429396000824572,
    "r1_R_372": 0.7429396000824572,
    "r1_R_374": 0.7429396000824572,
    "r1_R_376": 0.7429396000824572,
    "r1_R_378": 0.7429396000824572,
    "r1_R_380": 0.7429396000824572,
    "r1_R_382": 0.7429396000824572,
    "r1_R_384": 0.7429396000824572,
    "r1_R_386": 0.7429396000824572,
    "r1_R_388": 0.7429396000824572,
    "r1_R_390": 0.7429396000824572,
    "r1_R_392": 0.7429396000824572,
    "r1_R_394": 0.7429396000824572,
    "r1_R_396": 0.7429396000824572,
    "r1_R_398": 0.7429396000824572,
    "r2_R_200": 0.0,
    "r2_R_202": 0.006390434961863534,
    "r2_R_204": 0.13945578231292516,
    "r2_R_206": 0.3223046794475366,
    "r2_R_208": 0.48804370232941663,
    "r2_R_210": 0.618944547515976,
    "r2_R_212": 0.7092352092352092,
    "r2_R_214": 0.7406720263863121,
    "r2_R_216": 0.743558029272315,
    "r2_R_218": 0.743661100803958,