{
  "noc_parameters": {
    "size": [
      2,
      2
    ],
    "buffer_size": 4,
    "activity_thresh": 3,
    "injection_rate_numerator": 3,
    "injection_rate_denominator": 10,
    "resistive_noise_threshold": 10,
    "inductive_noise_threshold": 1
  },
  "modest_command": "modest <model_file> --unsafe --max-run-length 0 -D --rng MersenneTwister -E RESISTIVE_THRESH=10, INDUCTIVE_THRESH=1",
  "verification_time_sec": 44.977187395095825,
  "properties": {
    "\"R_100\"": 0.308286951144094,
    "\"R_101\"": 0.34590806019377446,
    "\"R_102\"": 0.41156462585034015,
    "\"R_103\"": 0.42290249433106575,
    "\"R_104\"": 0.42290249433106575,
    "\"R_105\"": 0.42290249433106575,
    "\"R_106\"": 0.42290249433106575,
    "\"R_107\"": 0.42290249433106575,
    "\"R_108\"": 0.42290249433106575,
    "\"R_109\"": 0.42290249433106575,
    "\"R_110\"": 0.42290249433106575,
    "\"R_111\"": 0.466398680684395,
    "\"R_112\"": 0.5304061018346733,
    "\"R_113\"": 0.5412286126571841,
    "\"R_114\"": 0.5412286126571841,
    "\"R_115\"": 0.5412286126571841,
    "\"R_116\"": 0.5412286126571841,
    "\"R_117\"": 0.5412286126571841,
    "\"R_118\"": 0.5412286126571841,
    "\"R_119\"": 0.5412286126571841,
    "\"R_120\"": 0.5412286126571841,
    "\"R_121\"": 0.5786435786435786,
    "\"R_122\"": 0.6384250669964956,
    "\"R_123\"": 0.6462585034013606,
    "\"R_124\"": 0.6462585034013606,
    "\"R_125\"": 0.6462585034013606,
    "\"R_126\"": 0.6462585034013606,
    "\"R_127\"": 0.6462585034013606,
    "\"R_128\"": 0.6462585034013606,
    "\"R_129\"": 0.6462585034013606,
    "\"R_130\"": 0.6462585034013606,
    "\"R_131\"": 0.6782106782106783,
    "\"R_132\"": 0.7251082251082251,
    "\"R_133\"": 0.7327355184498041,
    "\"R_134\"": 0.7327355184498041,
    "\"R_135\"": 0.7327355184498041,
    "\"R_136\"": 0.7327355184498041,
    "\"R_137\"": 0.7327355184498041,
    "\"R_138\"": 0.7327355184498041,
    "\"R_139\"": 0.7327355184498041,
    "\"R_140\"": 0.7327355184498041,
    "\"R_141\"": 0.7598433312719027,
    "\"R_142\"": 0.8014842300556586,
    "\"R_143\"": 0.8070500927643784,
    "\"R_144\"": 0.8070500927643784,
    "\"R_145\"": 0.8070500927643784,
    "\"R_146\"": 0.8070500927643784,
    "\"R_147\"": 0.8070500927643784,
    "\"R_148\"": 0.8070500927643784,
    "\"R_149\"": 0.8070500927643784,
    "\"R_150\"": 0.8070500927643784,
    "\"R_151\"": 0.8278705421562564,
    "\"R_152\"": 0.8569367140795712,
    "\"R_153\"": 0.8622964337250052,
    "\"R_154\"": 0.8622964337250052,
    "\"R_155\"": 0.8622964337250052,
    "\"R_156\"": 0.8622964337250052,
    "\"R_157\"": 0.8622964337250052,
    "\"R_158\"": 0.8622964337250052,
    "\"R_159\"": 0.8622964337250052,
    "\"R_160\"": 0.8622964337250052,
    "\"R_161\"": 0.8796124510410225,
    "\"R_162\"": 0.9044526901669759,
    "\"R_163\"": 0.9071325499896928,
    "\"R_164\"": 0.9071325499896928,
    "\"R_165\"": 0.9071325499896928,
    "\"R_166\"": 0.9071325499896928,
    "\"R_167\"": 0.9071325499896928,
    "\"R_168\"": 0.9071325499896928,
    "\"R_169\"": 0.9071325499896928,
    "\"R_170\"": 0.9071325499896928,
    "\"R_171\"": 0.9195011337868481,
    "\"R_172\"": 0.9372294372294372,
    "\"R_173\"": 0.9399092970521542,
    "\"R_174\"": 0.9399092970521542,
    "\"R_175\"": 0.9399092970521542,
    "\"R_176\"": 0.9399092970521542,
    "\"R_177\"": 0.9399092970521542,
    "\"R_178\"": 0.9399092970521542,
    "\"R_179\"": 0.9399092970521542,
    "\"R_180\"": 0.9399092970521542,
    "\"R_181\"": 0.9475365903937333,
    "\"R_182\"": 0.9588744588744589,
    "\"R_183\"": 0.961245104102247,
    "\"R_184\"": 0.961245104102247,
    "\"R_185\"": 0.961245104102247,
    "\"R_186\"": 0.961245104102247,
    "\"R_187\"": 0.961245104102247,
    "\"R_188\"": 0.961245104102247,
    "\"R_189\"": 0.961245104102247,
    "\"R_190\"": 0.961245104102247,
    "\"R_191\"": 0.966501752216038,
    "\"R_192\"": 0.9738198309626881,
    "\"R_193\"": 0.9750566893424036,
    "\"R_194\"": 0.9750566893424036,
    "\"R_195\"": 0.9750566893424036,
    "\"R_196\"": 0.9750566893424036,
    "\"R_197\"": 0.9750566893424036,
    "\"R_198\"": 0.9750566893424036,
    "\"R_199\"": 0.9750566893424036
  },
  "verification_type": "modes",
  "clock_cycle_bounds": [
    100,
    199
  ],
  "noc_model_file_path": "noc_model.modest",
  "raw_modest_output_path": "modest_output.txt"
}