{
  "noc_parameters": {
    "size": [
      2,
      2
    ],
    "buffer_size": 4,
    "activity_thresh": 3,
    "injection_rate_numerator": 3,
    "injection_rate_denominator": 10,
    "resistive_noise_threshold": 5,
    "inductive_noise_threshold": 1
  },
  "modest_command": "modest <model_file> --unsafe --max-run-length 0 -D --rng MersenneTwister -E RESISTIVE_THRESH=5, INDUCTIVE_THRESH=1",
  "verification_time_sec": 8.442750692367554,
  "properties": {
    "R_0": 0.0,
    "R_1": 0.0,
    "R_2": 0.0,
    "R_3": 0.005256648113790971,
    "R_4": 0.022057307771593485,
    "R_5": 0.06328592042877758,
    "R_6": 0.12966398680684396,
    "R_7": 0.21830550401978974,
    "R_8": 0.3189033189033189,
    "R_9": 0.42599464028035455,
    "R_10": 0.5285508142651,
    "R_11": 0.6225520511234797,
    "R_12": 0.7018140589569161,
    "R_13": 0.766749123891981,
    "R_14": 0.8215831787260359,
    "R_15": 0.8638425066996496,
    "R_16": 0.9013605442176871,
    "R_17": 0.9267161410018553,
    "R_18": 0.9465058750773037,
    "R_19": 0.96134817563389,
    "R_20": 0.9724799010513296,
    "R_21": 0.9781488352916924,
    "R_22": 0.9851576994434137,
    "R_23": 0.989589775304061,
    "R_24": 0.9924757781900639,
    "R_25": 0.9951556380127808,
    "R_26": 0.9962894248608535,
    "R_27": 0.9979385693671408,
    "R_28": 0.9986600700886415,
    "R_29": 0.9989692846835704,
    "R_30": 0.9992784992784993,
    "R_31": 0.9993815708101422,
    "R_32": 0.9994846423417852,
    "R_33": 0.9996907854050712,
    "R_34": 0.9997938569367141,
    "R_35": 0.9997938569367141,
    "R_36": 0.9997938569367141,
    "R_37": 1.0,
    "R_38": 1.0,
    "R_39": 1.0,
    "R_40": 1.0,
    "R_41": 1.0,
    "R_42": 1.0,
    "R_43": 1.0,
    "R_44": 1.0,
    "R_45": 1.0,
    "R_46": 1.0,
    "R_47": 1.0,
    "R_48": 1.0,
    "R_49": 1.0,
    "R_50": 1.0,
    "R_51": 1.0,
    "R_52": 1.0,
    "R_53": 1.0,
    "R_54": 1.0,
    "R_55": 1.0,
    "R_56": 1.0,
    "R_57": 1.0,
    "R_58": 1.0,
    "R_59": 1.0,
    "R_60": 1.0,
    "R_61": 1.0,
    "R_62": 1.0,
    "R_63": 1.0,
    "R_64": 1.0,
    "R_65": 1.0,
    "R_66": 1.0,
    "R_67": 1.0,
    "R_68": 1.0,
    "R_69": 1.0,
    "R_70": 1.0,
    "R_71": 1.0,
    "R_72": 1.0,
    "R_73": 1.0,
    "R_74": 1.0,
    "R_75": 1.0,
    "R_76": 1.0,
    "R_77": 1.0,
    "R_78": 1.0,
    "R_79": 1.0,
    "R_80": 1.0,
    "R_81": 1.0,
    "R_82": 1.0,
    "R_83": 1.0,
    "R_84": 1.0,
    "R_85": 1.0,
    "R_86": 1.0,
    "R_87": 1.0,
    "R_88": 1.0,
    "R_89": 1.0,
    "R_90": 1.0,
    "R_91": 1.0,
    "R_92": 1.0,
    "R_93": 1.0,
    "R_94": 1.0,
    "R_95": 1.0,
    "R_96": 1.0,
    "R_97": 1.0,
    "R_98": 1.0,
    "R_99": 1.0
  },
  "verification_type": "modes",
  "clock_cycle_bounds": [
    0,
    99
  ],
  "noc_model_file_path": "noc_model.modest",
  "raw_modest_output_path": "modest_output.txt"
}