{
  "noc_parameters": {
    "size": [
      3,
      3
    ],
    "buffer_size": 4,
    "activity_thresh": 3,
    "injection_rate_numerator": 3,
    "injection_rate_denominator": 10,
    "resistive_noise_threshold": null,
    "inductive_noise_threshold": null
  },
  "modest_command": "modest <model_file> --unsafe --max-run-length 0 -D --rng MersenneTwister -E ACTIVITY_THRESH=3",
  "verification_time_sec": 7.483224868774414,
  "properties": {
    "r0_R_1000": 0.13038548752834467,
    "r1_R_1000": 0.7607709750566893,
    "r2_R_1000": 0.12337662337662338,
    "r3_R_1000": 0.49958771387342815,
    "r4_R_1000": 0.9527932385075242,
    "r5_R_1000": 0.4958771387342816,
    "r6_R_1000": 0.12914862914862915,
    "r7_R_1000": 0.7577819006390435,
    "r8_R_1000": 0.12739641311069883
  },
  "verification_type": "modes",
  "clock_cycle_bounds": [
    1000,
    1000
  ],
  "noc_model_file_path": "noc_model.modest",
  "raw_modest_output_path": "modest_output.txt"
}