{
  "noc_parameters": {
    "size": [
      2,
      2
    ],
    "buffer_size": 4,
    "activity_thresh": 3,
    "injection_rate_numerator": 3,
    "injection_rate_denominator": 10,
    "resistive_noise_threshold": 10,
    "inductive_noise_threshold": 1
  },
  "modest_command": "modest <model_file> --unsafe --max-run-length 0 -D --rng MersenneTwister -E RESISTIVE_THRESH=10, INDUCTIVE_THRESH=1",
  "verification_time_sec": 32.831098794937134,
  "properties": {
    "R_0": 0.0,
    "R_1": 0.0,
    "R_2": 0.0,
    "R_3": 0.0,
    "R_4": 0.0,
    "R_5": 0.0,
    "R_6": 0.0,
    "R_7": 0.0,
    "R_8": 0.0,
    "R_9": 0.0,
    "R_10": 0.0,
    "R_11": 0.0,
    "R_12": 0.0,
    "R_13": 0.0,
    "R_14": 0.0,
    "R_15": 0.0,
    "R_16": 0.0,
    "R_17": 0.0,
    "R_18": 0.0,
    "R_19": 0.0,
    "R_20": 0.0,
    "R_21": 0.0,
    "R_22": 0.0,
    "R_23": 0.0,
    "R_24": 0.0,
    "R_25": 0.0,
    "R_26": 0.0,
    "R_27": 0.0,
    "R_28": 0.0,
    "R_29": 0.0,
    "R_30": 0.0,
    "R_31": 0.00010307153164296021,
    "R_32": 0.00030921459492888067,
    "R_33": 0.0005153576582148011,
    "R_34": 0.0005153576582148011,
    "R_35": 0.0005153576582148011,
    "R_36": 0.0005153576582148011,
    "R_37": 0.0005153576582148011,
    "R_38": 0.0005153576582148011,
    "R_39": 0.0005153576582148011,
    "R_40": 0.0005153576582148011,
    "R_41": 0.001443001443001443,
    "R_42": 0.0036075036075036075,
    "R_43": 0.0041228612657184084,
    "R_44": 0.0041228612657184084,
    "R_45": 0.0041228612657184084,
    "R_46": 0.0041228612657184084,
    "R_47": 0.0041228612657184084,
    "R_48": 0.0041228612657184084,
    "R_49": 0.0041228612657184084,
    "R_50": 0.0041228612657184084,
    "R_51": 0.007833436404864976,
    "R_52": 0.016697588126159554,
    "R_53": 0.018243661100803957,
    "R_54": 0.018243661100803957,
    "R_55": 0.018243661100803957,
    "R_56": 0.018243661100803957,
    "R_57": 0.018243661100803957,
    "R_58": 0.018243661100803957,
    "R_59": 0.018243661100803957,
    "R_60": 0.018243661100803957,
    "R_61": 0.02844774273345702,
    "R_62": 0.049062049062049064,
    "R_63": 0.05225726654298083,
    "R_64": 0.05225726654298083,
    "R_65": 0.05225726654298083,
    "R_66": 0.05225726654298083,
    "R_67": 0.05225726654298083,
    "R_68": 0.05225726654298083,
    "R_69": 0.05225726654298083,
    "R_70": 0.05225726654298083,
    "R_71": 0.06885178313749743,
    "R_72": 0.10379303236446094,
    "R_73": 0.10935889507318079,
    "R_74": 0.10935889507318079,
    "R_75": 0.10935889507318079,
    "R_76": 0.10935889507318079,
    "R_77": 0.10935889507318079,
    "R_78": 0.10935889507318079,
    "R_79": 0.10935889507318079,
    "R_80": 0.10935889507318079,
    "R_81": 0.13512677798392084,
    "R_82": 0.17728303442589158,
    "R_83": 0.1850133992991136,
    "R_84": 0.1850133992991136,
    "R_85": 0.1850133992991136,
    "R_86": 0.1850133992991136,
    "R_87": 0.1850133992991136,
    "R_88": 0.1850133992991136,
    "R_89": 0.1850133992991136,
    "R_90": 0.1850133992991136,
    "R_91": 0.22242836528550813,
    "R_92": 0.28488971346114206,
    "R_93": 0.2924139352710781,
    "R_94": 0.2924139352710781,
    "R_95": 0.2924139352710781,
    "R_96": 0.2924139352710781,
    "R_97": 0.2924139352710781,
    "R_98": 0.2924139352710781,
    "R_99": 0.2924139352710781
  },
  "verification_type": "modes",
  "clock_cycle_bounds": [
    0,
    99
  ],
  "noc_model_file_path": "noc_model.modest",
  "raw_modest_output_path": "modest_output.txt"
}