{
  "noc_parameters": {
    "size": [
      3,
      3
    ],
    "buffer_size": 4,
    "activity_thresh": 3,
    "injection_rate_numerator": 3,
    "injection_rate_denominator": 10,
    "resistive_noise_threshold": null,
    "inductive_noise_threshold": null
  },
  "modest_command": "modest <model_file> --unsafe --max-run-length 0 -D --rng MersenneTwister -E ACTIVITY_THRESH=3",
  "verification_time_sec": 6.991234064102173,
  "properties": {
    "r0_I_1000": 0.012987012987012988,
    "r1_I_1000": 0.13955885384456812,
    "r2_I_1000": 0.017006802721088437,
    "r3_I_1000": 0.05297876726448155,
    "r4_I_1000": 0.2514945372088229,
    "r5_I_1000": 0.05524634096062667,
    "r6_I_1000": 0.018037518037518036,
    "r7_I_1000": 0.1290455576169862,
    "r8_I_1000": 0.016594516594516596
  },
  "verification_type": "modes",
  "clock_cycle_bounds": [
    1000,
    1000
  ],
  "noc_model_file_path": "noc_model.modest",
  "raw_modest_output_path": "modest_output.txt"
}