{
  "noc_parameters": {
    "size": [
      2,
      2
    ],
    "buffer_size": 4,
    "activity_thresh": 3,
    "injection_rate_numerator": 3,
    "injection_rate_denominator": 10,
    "resistive_noise_threshold": 5,
    "inductive_noise_threshold": 1
  },
  "modest_command": "modest <model_file> --unsafe --max-run-length 0 -D --rng MersenneTwister -E RESISTIVE_NOISE_THRESH=5, INDUCTIVE_NOISE_THRESH=1",
  "verification_time_sec": 66.30626225471497,
  "properties": {
    "\"R_100\"": 0.9231086373943517,
    "\"R_101\"": 0.9383632240775098,
    "\"R_102\"": 0.9529993815708101,
    "\"R_103\"": 0.9555761698618841,
    "\"R_104\"": 0.9555761698618841,
    "\"R_105\"": 0.9555761698618841,
    "\"R_106\"": 0.9555761698618841,
    "\"R_107\"": 0.9555761698618841,
    "\"R_108\"": 0.9555761698618841,
    "\"R_109\"": 0.9555761698618841,
    "\"R_110\"": 0.9555761698618841,
    "\"R_111\"": 0.963615749330035,
    "\"R_112\"": 0.9749536178107606,
    "\"R_113\"": 0.9759843331271902,
    "\"R_114\"": 0.9759843331271902,
    "\"R_115\"": 0.9759843331271902,
    "\"R_116\"": 0.9759843331271902,
    "\"R_117\"": 0.9759843331271902,
    "\"R_118\"": 0.9759843331271902,
    "\"R_119\"": 0.9759843331271902,
    "\"R_120\"": 0.9759843331271902,
    "\"R_121\"": 0.9796949082663369,
    "\"R_122\"": 0.9859822716965574,
    "\"R_123\"": 0.9864976293547723,
    "\"R_124\"": 0.9864976293547723,
    "\"R_125\"": 0.9864976293547723,
    "\"R_126\"": 0.9864976293547723,
    "\"R_127\"": 0.9864976293547723,
    "\"R_128\"": 0.9864976293547723,
    "\"R_129\"": 0.9864976293547723,
    "\"R_130\"": 0.9864976293547723,
    "\"R_131\"": 0.9894867037724181,
    "\"R_132\"": 0.9918573490002062,
    "\"R_133\"": 0.992269635126778,
    "\"R_134\"": 0.992269635126778,
    "\"R_135\"": 0.992269635126778,
    "\"R_136\"": 0.992269635126778,
    "\"R_137\"": 0.992269635126778,
    "\"R_138\"": 0.992269635126778,
    "\"R_139\"": 0.992269635126778,
    "\"R_140\"": 0.992269635126778,
    "\"R_141\"": 0.9940218511647083,
    "\"R_142\"": 0.9954648526077098,
    "\"R_143\"": 0.9955679241393527,
    "\"R_144\"": 0.9955679241393527,
    "\"R_145\"": 0.9955679241393527,
    "\"R_146\"": 0.9955679241393527,
    "\"R_147\"": 0.9955679241393527,
    "\"R_148\"": 0.9955679241393527,
    "\"R_149\"": 0.9955679241393527,
    "\"R_150\"": 0.9955679241393527,
    "\"R_151\"": 0.9963924963924964,
    "\"R_152\"": 0.9977324263038548,
    "\"R_153\"": 0.9978354978354979,
    "\"R_154\"": 0.9978354978354979,
    "\"R_155\"": 0.9978354978354979,
    "\"R_156\"": 0.9978354978354979,
    "\"R_157\"": 0.9978354978354979,
    "\"R_158\"": 0.9978354978354979,
    "\"R_159\"": 0.9978354978354979,
    "\"R_160\"": 0.9978354978354979,
    "\"R_161\"": 0.9985569985569985,
    "\"R_162\"": 0.9988662131519275,
    "\"R_163\"": 0.9989692846835704,
    "\"R_164\"": 0.9989692846835704,
    "\"R_165\"": 0.9989692846835704,
    "\"R_166\"": 0.9989692846835704,
    "\"R_167\"": 0.9989692846835704,
    "\"R_168\"": 0.9989692846835704,
    "\"R_169\"": 0.9989692846835704,
    "\"R_170\"": 0.9989692846835704,
    "\"R_171\"": 0.9990723562152134,
    "\"R_172\"": 0.9994846423417852,
    "\"R_173\"": 0.9996907854050712,
    "\"R_174\"": 0.9996907854050712,
    "\"R_175\"": 0.9996907854050712,
    "\"R_176\"": 0.9996907854050712,
    "\"R_177\"": 0.9996907854050712,
    "\"R_178\"": 0.9996907854050712,
    "\"R_179\"": 0.9996907854050712,
    "\"R_180\"": 0.9996907854050712,
    "\"R_181\"": 0.9996907854050712,
    "\"R_182\"": 0.9998969284683571,
    "\"R_183\"": 0.9998969284683571,
    "\"R_184\"": 0.9998969284683571,
    "\"R_185\"": 0.9998969284683571,
    "\"R_186\"": 0.9998969284683571,
    "\"R_187\"": 0.9998969284683571,
    "\"R_188\"": 0.9998969284683571,
    "\"R_189\"": 0.9998969284683571,
    "\"R_190\"": 0.9998969284683571,
    "\"R_191\"": 0.9998969284683571,
    "\"R_192\"": 1.0,
    "\"R_193\"": 1.0,
    "\"R_194\"": 1.0,
    "\"R_195\"": 1.0,
    "\"R_196\"": 1.0,
    "\"R_197\"": 1.0,
    "\"R_198\"": 1.0,
    "\"R_199\"": 1.0
  },
  "verification_type": "modes",
  "clock_cycle_bounds": [
    100,
    199
  ],
  "noc_model_file_path": "noc_model.modest",
  "raw_modest_output_path": "modest_output.txt"
}