{
  "noc_parameters": {
    "size": [
      2,
      2
    ],
    "buffer_size": 4,
    "activity_thresh": 3,
    "injection_rate_numerator": 3,
    "injection_rate_denominator": 10,
    "resistive_noise_threshold": 1,
    "inductive_noise_threshold": 5
  },
  "modest_command": "modest <model_file> --unsafe --max-run-length 0 -D --rng MersenneTwister -E RESISTIVE_THRESH=1, INDUCTIVE_THRESH=5",
  "verification_time_sec": 209.63716793060303,
  "properties": {
    "\"R_0\"": 0.0,
    "\"R_10\"": 0.0,
    "\"R_20\"": 0.0,
    "\"R_30\"": 0.0,
    "\"R_40\"": 0.0,
    "\"R_50\"": 0.0,
    "\"R_60\"": 0.0,
    "\"R_70\"": 0.00010307153164296021,
    "\"R_80\"": 0.00030921459492888067,
    "\"R_90\"": 0.0005153576582148011,
    "\"R_100\"": 0.0007215007215007215,
    "\"R_110\"": 0.0011337868480725624,
    "\"R_120\"": 0.001443001443001443,
    "\"R_130\"": 0.0021645021645021645,
    "\"R_140\"": 0.003195217480931767,
    "\"R_150\"": 0.004947433518862091,
    "\"R_160\"": 0.0055658627087198514,
    "\"R_170\"": 0.007215007215007215,
    "\"R_180\"": 0.00927643784786642,
    "\"R_190\"": 0.011028653885796743,
    "\"R_200\"": 0.013399299113584827,
    "\"R_210\"": 0.016491445062873634,
    "\"R_220\"": 0.021129663986806844,
    "\"R_230\"": 0.025767882910740055,
    "\"R_240\"": 0.02906617192331478,
    "\"R_250\"": 0.03483817769532055,
    "\"R_260\"": 0.04071325499896929,
    "\"R_270\"": 0.046072974644403214,
    "\"R_280\"": 0.05411255411255411,
    "\"R_290\"": 0.05998763141620284,
    "\"R_300\"": 0.06782106782106782,
    "\"R_310\"": 0.07596371882086168,
    "\"R_320\"": 0.08348794063079777,
    "\"R_330\"": 0.09235209235209235,
    "\"R_340\"": 0.10224695938981654,
    "\"R_350\"": 0.11286332714904143,
    "\"R_360\"": 0.12275819418676562,
    "\"R_370\"": 0.13224077509791796,
    "\"R_380\"": 0.14347557204700062,
    "\"R_390\"": 0.15501958359101217,
    "\"R_400\"": 0.1665635951350237,
    "\"R_410\"": 0.18099360956503813,
    "\"R_420\"": 0.1927437641723356,
    "\"R_430\"": 0.20737992166563596,
    "\"R_440\"": 0.2199546485260771,
    "\"R_450\"": 0.2329416615130901,
    "\"R_460\"": 0.24757781900639045,
    "\"R_470\"": 0.26149247577819007,
    "\"R_480\"": 0.2758194186765615,
    "\"R_490\"": 0.28921871779014635,
    "\"R_500\"": 0.30303030303030304,
    "\"R_510\"": 0.3180787466501752,
    "\"R_520\"": 0.3313749742321171,
    "\"R_530\"": 0.34446505875077305,
    "\"R_540\"": 0.35611214182642753,
    "\"R_550\"": 0.3699237270665842,
    "\"R_560\"": 0.38425066996495566,
    "\"R_570\"": 0.39940218511647085,
    "\"R_580\"": 0.4126984126984127,
    "\"R_590\"": 0.42764378478664195,
    "\"R_600\"": 0.443001443001443,
    "\"R_610\"": 0.4588744588744589,
    "\"R_620\"": 0.47165532879818595,
    "\"R_630\"": 0.48577612863327146,
    "\"R_640\"": 0.49876314162028446,
    "\"R_650\"": 0.5112347969490827,
    "\"R_660\"": 0.5255617398474541,
    "\"R_670\"": 0.5394763966192537,
    "\"R_680\"": 0.5530818387961245,
    "\"R_690\"": 0.5644197072768501,
    "\"R_700\"": 0.575345289631004,
    "\"R_710\"": 0.5874046588332302,
    "\"R_720\"": 0.5989486703772418,
    "\"R_730\"": 0.6100803957946815,
    "\"R_740\"": 0.6212121212121212,
    "\"R_750\"": 0.632240775097918,
    "\"R_760\"": 0.6437847866419295,
    "\"R_770\"": 0.6562564419707276,
    "\"R_780\"": 0.6667697381983096,
    "\"R_790\"": 0.6766646052360338,
    "\"R_800\"": 0.6868686868686869,
    "\"R_810\"": 0.6961451247165533,
    "\"R_820\"": 0.7069676355390642,
    "\"R_830\"": 0.7165532879818595,
    "\"R_840\"": 0.7246959389816533,
    "\"R_850\"": 0.7352092352092352,
    "\"R_860\"": 0.7452071737786023,
    "\"R_870\"": 0.7552051123479695,
    "\"R_880\"": 0.7636569779426923,
    "\"R_890\"": 0.7738610595753453,
    "\"R_900\"": 0.7825190682333539,
    "\"R_910\"": 0.7897340754483612,
    "\"R_920\"": 0.797979797979798,
    "\"R_930\"": 0.8055040197897341,
    "\"R_940\"": 0.8114821686250258,
    "\"R_950\"": 0.8181818181818182,
    "\"R_960\"": 0.8259121830550402,
    "\"R_970\"": 0.8312719027004741,
    "\"R_980\"": 0.8380746237889095,
    "\"R_990\"": 0.8441558441558441
  },
  "verification_type": "modes",
  "clock_cycle_bounds": [
    0,
    999
  ],
  "noc_model_file_path": "noc_model.modest",
  "raw_modest_output_path": "modest_output.txt"
}