{
  "noc_parameters": {
    "size": [
      2,
      2
    ],
    "buffer_size": 4,
    "activity_thresh": 3,
    "injection_rate_numerator": 3,
    "injection_rate_denominator": 10,
    "resistive_noise_threshold": 5,
    "inductive_noise_threshold": 0
  },
  "modest_command": "modest <model_file> --max-run-length 0 --unsafe -D -E ACTIVITY_THRESH=3,NOC_MESH_WIDTH=2,NOC_MESH_HEIGHT=2,RESISTIVE_THRESH=5,INDUCTIVE_THRESH=0",
  "verification_time_sec": 30.69685435295105,
  "properties": {
    "R_0": 0.0,
    "R_2": 0.0,
    "R_4": 0.0,
    "R_6": 0.0,
    "R_8": 0.0,
    "R_10": 0.0,
    "R_12": 0.0,
    "R_14": 0.0,
    "R_16": 0.0,
    "R_18": 0.0,
    "R_20": 0.0,
    "R_22": 0.0,
    "R_24": 0.0,
    "R_26": 0.0,
    "R_28": 0.0,
    "R_30": 0.0,
    "R_32": 0.00030921459492888067,
    "R_34": 0.00030921459492888067,
    "R_36": 0.00030921459492888067,
    "R_38": 0.00030921459492888067,
    "R_40": 0.00030921459492888067,
    "R_42": 0.0011337868480725624,
    "R_44": 0.0011337868480725624,
    "R_46": 0.0011337868480725624,
    "R_48": 0.0011337868480725624,
    "R_50": 0.0011337868480725624,
    "R_52": 0.0030921459492888066,
    "R_54": 0.003195217480931767,
    "R_56": 0.003195217480931767,
    "R_58": 0.003195217480931767,
    "R_60": 0.003195217480931767,
    "R_62": 0.0074211502782931356,
    "R_64": 0.007627293341579056,
    "R_66": 0.007627293341579056,
    "R_68": 0.007627293341579056,
    "R_70": 0.007627293341579056,
    "R_72": 0.013193156050298907,
    "R_74": 0.013708513708513708,
    "R_76": 0.013708513708513708,
    "R_78": 0.013708513708513708,
    "R_80": 0.013708513708513708,
    "R_82": 0.022160379303236447,
    "R_84": 0.023088023088023088,
    "R_86": 0.023088023088023088,
    "R_88": 0.023088023088023088,
    "R_90": 0.023088023088023088,
    "R_92": 0.0367965367965368,
    "R_94": 0.03813646670789528,
    "R_96": 0.03813646670789528,
    "R_98": 0.03813646670789528,
    "R_100": 0.03813646670789528
  },
  "verification_type": "modes",
  "clock_cycle_bounds": [
    0,
    100
  ],
  "noc_model_file_path": "noc_model.modest",
  "raw_modest_output_path": "modest_output.txt"
}