{
  "noc_parameters": {
    "size": [
      2,
      2
    ],
    "buffer_size": 4,
    "activity_thresh": 3,
    "injection_rate_numerator": 3,
    "injection_rate_denominator": 10,
    "resistive_noise_threshold": 1,
    "inductive_noise_threshold": 5
  },
  "modest_command": "modest <model_file> --unsafe --max-run-length 0 -D --rng MersenneTwister -E RESISTIVE_NOISE_THRESH=1, INDUCTIVE_NOISE_THRESH=5",
  "verification_time_sec": 651.9930219650269,
  "properties": {
    "\"I_0\"": 0.0,
    "\"I_10\"": 0.0,
    "\"I_20\"": 0.0,
    "\"I_30\"": 0.0,
    "\"I_40\"": 0.0,
    "\"I_50\"": 0.0,
    "\"I_60\"": 0.0,
    "\"I_70\"": 0.0,
    "\"I_80\"": 0.0,
    "\"I_90\"": 0.00010307153164296021,
    "\"I_100\"": 0.00030921459492888067,
    "\"I_110\"": 0.0007215007215007215,
    "\"I_120\"": 0.0010307153164296021,
    "\"I_130\"": 0.0013399299113584827,
    "\"I_140\"": 0.002370645227788085,
    "\"I_150\"": 0.0035044320758606472,
    "\"I_160\"": 0.00484436198721913,
    "\"I_170\"": 0.006596578025149453,
    "\"I_180\"": 0.008451865594722737,
    "\"I_190\"": 0.010616367759224902,
    "\"I_200\"": 0.013708513708513708,
    "\"I_210\"": 0.016697588126159554,
    "\"I_220\"": 0.02040816326530612,
    "\"I_230\"": 0.02422180993609565,
    "\"I_240\"": 0.027313955885384458,
    "\"I_250\"": 0.03298289012574727,
    "\"I_260\"": 0.03865182436611008,
    "\"I_270\"": 0.04390847247990105,
    "\"I_280\"": 0.05029890744176459,
    "\"I_290\"": 0.056792413935271076,
    "\"I_300\"": 0.06380127808699237,
    "\"I_310\"": 0.07142857142857142,
    "\"I_320\"": 0.08049886621315193,
    "\"I_330\"": 0.08864151721294579,
    "\"I_340\"": 0.09771181199752628,
    "\"I_350\"": 0.10575139146567718,
    "\"I_360\"": 0.1145124716553288,
    "\"I_370\"": 0.12337662337662338,
    "\"I_380\"": 0.13399299113584828,
    "\"I_390\"": 0.1463615749330035,
    "\"I_400\"": 0.1583178726035869,
    "\"I_410\"": 0.1712018140589569,
    "\"I_420\"": 0.18449804164089878,
    "\"I_430\"": 0.19511440940012367,
    "\"I_440\"": 0.20593692022263452,
    "\"I_450\"": 0.21727478870336014,
    "\"I_460\"": 0.23232323232323232,
    "\"I_470\"": 0.24654710368996083,
    "\"I_480\"": 0.25819418676561534,
    "\"I_490\"": 0.2730364873222016,
    "\"I_500\"": 0.28458049886621317,
    "\"I_510\"": 0.3014842300556586,
    "\"I_520\"": 0.3175633889919604,
    "\"I_530\"": 0.3302411873840445,
    "\"I_540\"": 0.34528963100391674,
    "\"I_550\"": 0.36178107606679033,
    "\"I_560\"": 0.3762110904968048,
    "\"I_570\"": 0.39136260564831993,
    "\"I_580\"": 0.4049680478251907,
    "\"I_590\"": 0.41898577612863325,
    "\"I_600\"": 0.43166357452071735,
    "\"I_610\"": 0.44423830138115855,
    "\"I_620\"": 0.46000824572253146,
    "\"I_630\"": 0.47608740465883326,
    "\"I_640\"": 0.49082663368377655,
    "\"I_650\"": 0.5038136466707895,
    "\"I_660\"": 0.5170068027210885,
    "\"I_670\"": 0.5306122448979592,
    "\"I_680\"": 0.5435992578849722,
    "\"I_690\"": 0.5576169861884147,
    "\"I_700\"": 0.5722531436817151,
    "\"I_710\"": 0.585549371263657,
    "\"I_720\"": 0.5971964543393115,
    "\"I_730\"": 0.6091527520098948,
    "\"I_740\"": 0.621727478870336,
    "\"I_750\"": 0.634508348794063,
    "\"I_760\"": 0.644918573490002,
    "\"I_770\"": 0.6575963718820862,
    "\"I_780\"": 0.6693465264893836,
    "\"I_790\"": 0.6804782519068233,
    "\"I_800\"": 0.6904761904761905,
    "\"I_810\"": 0.7014017728303442,
    "\"I_820\"": 0.712430426716141,
    "\"I_830\"": 0.7207792207792207,
    "\"I_840\"": 0.7304679447536591,
    "\"I_850\"": 0.7387136672850959,
    "\"I_860\"": 0.7480931766646053,
    "\"I_870\"": 0.756441970727685,
    "\"I_880\"": 0.7647907647907648,
    "\"I_890\"": 0.772211915069058,
    "\"I_900\"": 0.7810760667903525,
    "\"I_910\"": 0.7891156462585034,
    "\"I_920\"": 0.7959183673469388,
    "\"I_930\"": 0.8037518037518038,
    "\"I_940\"": 0.8118944547515976,
    "\"I_950\"": 0.8174603174603174,
    "\"I_960\"": 0.8240568954854669,
    "\"I_970\"": 0.8302411873840445,
    "\"I_980\"": 0.8359101216244074,
    "\"I_990\"": 0.8416821273964131
  },
  "verification_type": "modes",
  "clock_cycle_bounds": [
    0,
    990
  ],
  "noc_model_file_path": "noc_model.modest",
  "raw_modest_output_path": "modest_output.txt"
}