{
  "noc_parameters": {
    "size": [
      2,
      2
    ],
    "buffer_size": 4,
    "activity_thresh": 3,
    "injection_rate_numerator": 3,
    "injection_rate_denominator": 10,
    "resistive_noise_threshold": 5,
    "inductive_noise_threshold": 1
  },
  "modest_command": "modest <model_file> --unsafe --max-run-length 0 -D --rng MersenneTwister -E RESISTIVE_THRESH=5, INDUCTIVE_THRESH=1",
  "verification_time_sec": 24.811618328094482,
  "properties": {
    "R_100": 0.9178519892805607,
    "R_101": 0.9325912183055041,
    "R_102": 0.9486703772418058,
    "R_103": 0.950937950937951,
    "R_104": 0.950937950937951,
    "R_105": 0.950937950937951,
    "R_106": 0.950937950937951,
    "R_107": 0.950937950937951,
    "R_108": 0.950937950937951,
    "R_109": 0.950937950937951,
    "R_110": 0.950937950937951,
    "R_111": 0.9592867450010307,
    "R_112": 0.9706246134817563,
    "R_113": 0.9722737579880437,
    "R_114": 0.9722737579880437,
    "R_115": 0.9722737579880437,
    "R_116": 0.9722737579880437,
    "R_117": 0.9722737579880437,
    "R_118": 0.9722737579880437,
    "R_119": 0.9722737579880437,
    "R_120": 0.9722737579880437,
    "R_121": 0.9768089053803339,
    "R_122": 0.9829931972789115,
    "R_123": 0.9839208410636983,
    "R_124": 0.9839208410636983,
    "R_125": 0.9839208410636983,
    "R_126": 0.9839208410636983,
    "R_127": 0.9839208410636983,
    "R_128": 0.9839208410636983,
    "R_129": 0.9839208410636983,
    "R_130": 0.9839208410636983,
    "R_131": 0.9873222016079158,
    "R_132": 0.9909297052154195,
    "R_133": 0.9916512059369202,
    "R_134": 0.9916512059369202,
    "R_135": 0.9916512059369202,
    "R_136": 0.9916512059369202,
    "R_137": 0.9916512059369202,
    "R_138": 0.9916512059369202,
    "R_139": 0.9916512059369202,
    "R_140": 0.9916512059369202,
    "R_141": 0.9931972789115646,
    "R_142": 0.9950525664811379,
    "R_143": 0.9950525664811379,
    "R_144": 0.9950525664811379,
    "R_145": 0.9950525664811379,
    "R_146": 0.9950525664811379,
    "R_147": 0.9950525664811379,
    "R_148": 0.9950525664811379,
    "R_149": 0.9950525664811379,
    "R_150": 0.9950525664811379,
    "R_151": 0.9962894248608535,
    "R_152": 0.9971139971139971,
    "R_153": 0.9972170686456401,
    "R_154": 0.9972170686456401,
    "R_155": 0.9972170686456401,
    "R_156": 0.9972170686456401,
    "R_157": 0.9972170686456401,
    "R_158": 0.9972170686456401,
    "R_159": 0.9972170686456401,
    "R_160": 0.9972170686456401,
    "R_161": 0.9975262832405689,
    "R_162": 0.9983508554937126,
    "R_163": 0.9983508554937126,
    "R_164": 0.9983508554937126,
    "R_165": 0.9983508554937126,
    "R_166": 0.9983508554937126,
    "R_167": 0.9983508554937126,
    "R_168": 0.9983508554937126,
    "R_169": 0.9983508554937126,
    "R_170": 0.9983508554937126,
    "R_171": 0.9985569985569985,
    "R_172": 0.9990723562152134,
    "R_173": 0.9992784992784993,
    "R_174": 0.9992784992784993,
    "R_175": 0.9992784992784993,
    "R_176": 0.9992784992784993,
    "R_177": 0.9992784992784993,
    "R_178": 0.9992784992784993,
    "R_179": 0.9992784992784993,
    "R_180": 0.9992784992784993,
    "R_181": 0.9994846423417852,
    "R_182": 0.9996907854050712,
    "R_183": 0.9996907854050712,
    "R_184": 0.9996907854050712,
    "R_185": 0.9996907854050712,
    "R_186": 0.9996907854050712,
    "R_187": 0.9996907854050712,
    "R_188": 0.9996907854050712,
    "R_189": 0.9996907854050712,
    "R_190": 0.9996907854050712,
    "R_191": 0.9996907854050712,
    "R_192": 0.9997938569367141,
    "R_193": 0.9997938569367141,
    "R_194": 0.9997938569367141,
    "R_195": 0.9997938569367141,
    "R_196": 0.9997938569367141,
    "R_197": 0.9997938569367141,
    "R_198": 0.9997938569367141,
    "R_199": 0.9997938569367141
  },
  "verification_type": "modes",
  "clock_cycle_bounds": [
    100,
    199
  ],
  "noc_model_file_path": "noc_model.modest",
  "raw_modest_output_path": "modest_output.txt"
}