{
  "noc_parameters": {
    "size": [
      2,
      2
    ],
    "buffer_size": 4,
    "activity_thresh": 3,
    "injection_rate_numerator": 3,
    "injection_rate_denominator": 10,
    "resistive_noise_threshold": 1,
    "inductive_noise_threshold": 10
  },
  "modest_command": "modest <model_file> --unsafe --max-run-length 0 -D --rng MersenneTwister -E RESISTIVE_THRESH=1, INDUCTIVE_THRESH=10",
  "verification_time_sec": 298.7291796207428,
  "properties": {
    "\"R_0\"": 0.0,
    "\"R_10\"": 0.0,
    "\"R_20\"": 0.0,
    "\"R_30\"": 0.0,
    "\"R_40\"": 0.0,
    "\"R_50\"": 0.0,
    "\"R_60\"": 0.0,
    "\"R_70\"": 0.0,
    "\"R_80\"": 0.0,
    "\"R_90\"": 0.0,
    "\"R_100\"": 0.0,
    "\"R_110\"": 0.0,
    "\"R_120\"": 0.0,
    "\"R_130\"": 0.0,
    "\"R_140\"": 0.0,
    "\"R_150\"": 0.0,
    "\"R_160\"": 0.0,
    "\"R_170\"": 0.0,
    "\"R_180\"": 0.0,
    "\"R_190\"": 0.0,
    "\"R_200\"": 0.0,
    "\"R_210\"": 0.0,
    "\"R_220\"": 0.0,
    "\"R_230\"": 0.0,
    "\"R_240\"": 0.0,
    "\"R_250\"": 0.0,
    "\"R_260\"": 0.0,
    "\"R_270\"": 0.0,
    "\"R_280\"": 0.0,
    "\"R_290\"": 0.0,
    "\"R_300\"": 0.0,
    "\"R_310\"": 0.00010307153164296021,
    "\"R_320\"": 0.00010307153164296021,
    "\"R_330\"": 0.00010307153164296021,
    "\"R_340\"": 0.00010307153164296021,
    "\"R_350\"": 0.00020614306328592042,
    "\"R_360\"": 0.00020614306328592042,
    "\"R_370\"": 0.00020614306328592042,
    "\"R_380\"": 0.00020614306328592042,
    "\"R_390\"": 0.0005153576582148011,
    "\"R_400\"": 0.0006184291898577613,
    "\"R_410\"": 0.0006184291898577613,
    "\"R_420\"": 0.0007215007215007215,
    "\"R_430\"": 0.0008245722531436817,
    "\"R_440\"": 0.0012368583797155227,
    "\"R_450\"": 0.0015460729746444033,
    "\"R_460\"": 0.0017522160379303236,
    "\"R_470\"": 0.0018552875695732839,
    "\"R_480\"": 0.002576788291074005,
    "\"R_490\"": 0.0030921459492888066,
    "\"R_500\"": 0.0036075036075036075,
    "\"R_510\"": 0.003916718202432488,
    "\"R_520\"": 0.004329004329004329,
    "\"R_530\"": 0.00484436198721913,
    "\"R_540\"": 0.005256648113790971,
    "\"R_550\"": 0.005668934240362812,
    "\"R_560\"": 0.007111935683364255,
    "\"R_570\"": 0.007936507936507936,
    "\"R_580\"": 0.008348794063079777,
    "\"R_590\"": 0.009894867037724181,
    "\"R_600\"": 0.011337868480725623,
    "\"R_610\"": 0.013090084518655946,
    "\"R_620\"": 0.01443001443001443,
    "\"R_630\"": 0.016594516594516596,
    "\"R_640\"": 0.017934446505875078,
    "\"R_650\"": 0.01989280560709132,
    "\"R_660\"": 0.02277880849309421,
    "\"R_670\"": 0.02484023912595341,
    "\"R_680\"": 0.027107812822098537,
    "\"R_690\"": 0.02906617192331478,
    "\"R_700\"": 0.030509173366316224,
    "\"R_710\"": 0.03298289012574727,
    "\"R_720\"": 0.03535353535353535,
    "\"R_730\"": 0.03751803751803752,
    "\"R_740\"": 0.04081632653061224,
    "\"R_750\"": 0.04370232941661513,
    "\"R_760\"": 0.04700061842918986,
    "\"R_770\"": 0.05040197897340754,
    "\"R_780\"": 0.053906411049268195,
    "\"R_790\"": 0.05792620078334364,
    "\"R_800\"": 0.06215213358070501,
    "\"R_810\"": 0.06843949701092558,
    "\"R_820\"": 0.07390228818800247,
    "\"R_830\"": 0.07884972170686456,
    "\"R_840\"": 0.08390022675736962,
    "\"R_850\"": 0.08895073180787466,
    "\"R_860\"": 0.09544423830138116,
    "\"R_870\"": 0.1013193156050299,
    "\"R_880\"": 0.10812203669346526,
    "\"R_890\"": 0.11440940012368583,
    "\"R_900\"": 0.12028447742733457,
    "\"R_910\"": 0.12698412698412698,
    "\"R_920\"": 0.13409606266749124,
    "\"R_930\"": 0.1393527107812822,
    "\"R_940\"": 0.14543393114821687,
    "\"R_950\"": 0.15419501133786848,
    "\"R_960\"": 0.16130694702123274,
    "\"R_970\"": 0.1686250257678829,
    "\"R_980\"": 0.17532467532467533,
    "\"R_990\"": 0.18305504019789734
  },
  "verification_type": "modes",
  "clock_cycle_bounds": [
    0,
    999
  ],
  "noc_model_file_path": "noc_model.modest",
  "raw_modest_output_path": "modest_output.txt"
}