{
  "noc_parameters": {
    "size": [
      8,
      8
    ],
    "buffer_size": 4,
    "activity_thresh": 3,
    "injection_rate_numerator": 3,
    "injection_rate_denominator": 10,
    "resistive_noise_threshold": 10,
    "inductive_noise_threshold": 0
  },
  "modest_command": "modest <model_file> --max-run-length 0 --unsafe -E ACTIVITY_THRESH=3,NOC_MESH_WIDTH=8,NOC_MESH_HEIGHT=8,RESISTIVE_THRESH=10,INDUCTIVE_THRESH=0",
  "verification_time_sec": 4436.195215702057,
  "properties": {
    "R_0": 0.0,
    "R_2": 0.0,
    "R_4": 0.0,
    "R_6": 0.0,
    "R_8": 0.0,
    "R_10": 0.0,
    "R_12": 0.0,
    "R_14": 0.0,
    "R_16": 0.0,
    "R_18": 0.0,
    "R_20": 0.0,
    "R_22": 0.0,
    "R_24": 0.0,
    "R_26": 0.0,
    "R_28": 0.0,
    "R_30": 0.0,
    "R_32": 0.0,
    "R_34": 0.0,
    "R_36": 0.0,
    "R_38": 0.0,
    "R_40": 0.0,
    "R_42": 0.0,
    "R_44": 0.0,
    "R_46": 0.0,
    "R_48": 0.0,
    "R_50": 0.0,
    "R_52": 0.0,
    "R_54": 0.0,
    "R_56": 0.0,
    "R_58": 0.0,
    "R_60": 0.0,
    "R_62": 0.0,
    "R_64": 0.0,
    "R_66": 0.0,
    "R_68": 0.0,
    "R_70": 0.0,
    "R_72": 0.0,
    "R_74": 0.0,
    "R_76": 0.0,
    "R_78": 0.0,
    "R_80": 0.0,
    "R_82": 0.0,
    "R_84": 0.0,
    "R_86": 0.0,
    "R_88": 0.0,
    "R_90": 0.0,
    "R_92": 0.0,
    "R_94": 0.0,
    "R_96": 0.0,
    "R_98": 0.0,
    "R_100": 0.0,
    "R_102": 0.0,
    "R_104": 0.0,
    "R_106": 0.0,
    "R_108": 0.0,
    "R_110": 0.0,
    "R_112": 0.0,
    "R_114": 0.0,
    "R_116": 0.0,
    "R_118": 0.0,
    "R_120": 0.0,
    "R_122": 0.0,
    "R_124": 0.0,
    "R_126": 0.0,
    "R_128": 0.0,
    "R_130": 0.0,
    "R_132": 0.0,
    "R_134": 0.0,
    "R_136": 0.0,
    "R_138": 0.0,
    "R_140": 0.0,
    "R_142": 0.0,
    "R_144": 0.0,
    "R_146": 0.0,
    "R_148": 0.0,
    "R_150": 0.0,
    "R_152": 0.0,
    "R_154": 0.0,
    "R_156": 0.0,
    "R_158": 0.0,
    "R_160": 0.0,
    "R_162": 0.0,
    "R_164": 0.0,
    "R_166": 0.0,
    "R_168": 0.0,
    "R_170": 0.00010307153164296021,
    "R_172": 0.00020614306328592042,
    "R_174": 0.00020614306328592042,
    "R_176": 0.00020614306328592042,
    "R_178": 0.00020614306328592042,
    "R_180": 0.00020614306328592042,
    "R_182": 0.00020614306328592042,
    "R_184": 0.00020614306328592042,
    "R_186": 0.00020614306328592042,
    "R_188": 0.00020614306328592042,
    "R_190": 0.00030921459492888067,
    "R_192": 0.00030921459492888067,
    "R_194": 0.00030921459492888067,
    "R_196": 0.00030921459492888067,
    "R_198": 0.00030921459492888067,
    "R_200": 0.0005153576582148011,
    "R_202": 0.0009276437847866419,
    "R_204": 0.0009276437847866419,
    "R_206": 0.0009276437847866419,
    "R_208": 0.0009276437847866419,
    "R_210": 0.0011337868480725624,
    "R_212": 0.0015460729746444033,
    "R_214": 0.0016491445062873633,
    "R_216": 0.0016491445062873633,
    "R_218": 0.0016491445062873633,
    "R_220": 0.0017522160379303236,
    "R_222": 0.001958359101216244,
    "R_224": 0.001958359101216244,
    "R_226": 0.001958359101216244,
    "R_228": 0.001958359101216244,
    "R_230": 0.0020614306328592042,
    "R_232": 0.0027829313543599257,
    "R_234": 0.0027829313543599257,
    "R_236": 0.0027829313543599257,
    "R_238": 0.0027829313543599257,
    "R_240": 0.0030921459492888066,
    "R_242": 0.004225932797361369,
    "R_244": 0.004225932797361369,
    "R_246": 0.004225932797361369,
    "R_248": 0.004225932797361369,
    "R_250": 0.004329004329004329,
    "R_252": 0.00515357658214801,
    "R_254": 0.00515357658214801,
    "R_256": 0.00515357658214801,
    "R_258": 0.00515357658214801,
    "R_260": 0.005462791177076891,
    "R_262": 0.006081220366934653,
    "R_264": 0.006184291898577613,
    "R_266": 0.006184291898577613,
    "R_268": 0.006184291898577613,
    "R_270": 0.0070088641517212944,
    "R_272": 0.00917336631622346,
    "R_274": 0.00927643784786642,
    "R_276": 0.00927643784786642,
    "R_278": 0.00927643784786642,
    "R_280": 0.00968872397443826,
    "R_282": 0.011956297670583385,
    "R_284": 0.012059369202226345,
    "R_286": 0.012059369202226345,
    "R_288": 0.012059369202226345,
    "R_290": 0.012780869923727067,
    "R_292": 0.015769944341372914,
    "R_294": 0.015873015873015872,
    "R_296": 0.015873015873015872,
    "R_298": 0.015873015873015872,
    "R_300": 0.017006802721088437,
    "R_302": 0.021026592455163882,
    "R_304": 0.021232735518449803,
    "R_306": 0.021232735518449803,
    "R_308": 0.021232735518449803,
    "R_310": 0.021851164708307565,
    "R_312": 0.02463409606266749,
    "R_314": 0.024737167594310452,
    "R_316": 0.024737167594310452,
    "R_318": 0.024737167594310452,
    "R_320": 0.025870954442383014,
    "R_322": 0.02855081426509998,
    "R_324": 0.02865388579674294,
    "R_326": 0.02865388579674294,
    "R_328": 0.02865388579674294,
    "R_330": 0.029684601113172542,
    "R_332": 0.03483817769532055,
    "R_334": 0.03494124922696351,
    "R_336": 0.03494124922696351,
    "R_338": 0.03494124922696351,
    "R_340": 0.036899608328179755,
    "R_342": 0.04256854256854257,
    "R_344": 0.04256854256854257,
    "R_346": 0.04256854256854257,
    "R_348": 0.04256854256854257,
    "R_350": 0.044320758606472895,
    "R_352": 0.051329622758194186,
    "R_354": 0.05184498041640899,
    "R_356": 0.05184498041640899,
    "R_358": 0.05184498041640899,
    "R_360": 0.05452484023912595,
    "R_362": 0.06184291898577613,
    "R_364": 0.0626674912389198,
    "R_366": 0.0626674912389198,
    "R_368": 0.0626674912389198,
    "R_370": 0.06472892187177902,
    "R_372": 0.07215007215007214,
    "R_374": 0.07287157287157287,
    "R_376": 0.07287157287157287,
    "R_378": 0.07287157287157287,
    "R_380": 0.07421150278293136,
    "R_382": 0.08225108225108226,
    "R_384": 0.08245722531436817,
    "R_386": 0.08245722531436817,
    "R_388": 0.08245722531436817,
    "R_390": 0.08554937126365698,
    "R_392": 0.09369202226345083,
    "R_394": 0.09410430839002268,
    "R_396": 0.09410430839002268,
    "R_398": 0.09410430839002268,
    "R_400": 0.09709338280766852,
    "R_402": 0.10709132137703566,
    "R_404": 0.10740053597196454,
    "R_406": 0.10740053597196454,
    "R_408": 0.10740053597196454,
    "R_410": 0.11069882498453927,
    "R_412": 0.12100597814883529,
    "R_414": 0.12121212121212122,
    "R_416": 0.12121212121212122,
    "R_418": 0.12121212121212122,
    "R_420": 0.12451041022469594,
    "R_422": 0.13296227581941866,
    "R_424": 0.13327149041434755,
    "R_426": 0.13327149041434755,
    "R_428": 0.13327149041434755,
    "R_430": 0.13749742321170894,
    "R_432": 0.14965986394557823,
    "R_434": 0.15007215007215008,
    "R_436": 0.15007215007215008,
    "R_438": 0.15007215007215008,
    "R_440": 0.15460729746444032,
    "R_442": 0.16491445062873633,
    "R_444": 0.16512059369202226,
    "R_446": 0.16512059369202226,
    "R_448": 0.16512059369202226,
    "R_450": 0.16872809729952587,
    "R_452": 0.18140589569160998,
    "R_454": 0.18181818181818182,
    "R_456": 0.18181818181818182,
    "R_458": 0.18181818181818182,
    "R_460": 0.18521954236239951,
    "R_462": 0.19727891156462585,
    "R_464": 0.19758812615955473,
    "R_466": 0.19758812615955473,
    "R_468": 0.19758812615955473,
    "R_470": 0.20191713048855905,
    "R_472": 0.21335807050092764,
    "R_474": 0.21387342815914245,
    "R_476": 0.21387342815914245,
    "R_478": 0.21387342815914245,
    "R_480": 0.21799628942486085,
    "R_482": 0.23232323232323232,
    "R_484": 0.23325087610801898,
    "R_486": 0.23325087610801898,
    "R_488": 0.23325087610801898,
    "R_490": 0.23788909503195219,
    "R_492": 0.2523191094619666,
    "R_494": 0.2529375386518244,
    "R_496": 0.2529375386518244,
    "R_498": 0.2529375386518244,
    "R_500": 0.25788497217068646
  },
  "verification_type": "modes",
  "clock_cycle_bounds": [
    0,
    500
  ],
  "noc_model_file_path": "noc_model.modest",
  "raw_modest_output_path": "modest_output.txt"
}