{
  "noc_parameters": {
    "size": [
      2,
      2
    ],
    "buffer_size": 4,
    "activity_thresh": 3,
    "injection_rate_numerator": 3,
    "injection_rate_denominator": 10,
    "resistive_noise_threshold": 1,
    "inductive_noise_threshold": 10
  },
  "modest_command": "modest <model_file> --unsafe --max-run-length 0 -D --rng MersenneTwister -E RESISTIVE_NOISE_THRESH=1, INDUCTIVE_NOISE_THRESH=10",
  "verification_time_sec": 937.585853099823,
  "properties": {
    "I_0": 0.0,
    "I_10": 0.0,
    "I_20": 0.0,
    "I_30": 0.0,
    "I_40": 0.0,
    "I_50": 0.0,
    "I_60": 0.0,
    "I_70": 0.0,
    "I_80": 0.0,
    "I_90": 0.0,
    "I_100": 0.0,
    "I_110": 0.0,
    "I_120": 0.0,
    "I_130": 0.0,
    "I_140": 0.0,
    "I_150": 0.0,
    "I_160": 0.0,
    "I_170": 0.0,
    "I_180": 0.0,
    "I_190": 0.0,
    "I_200": 0.0,
    "I_210": 0.0,
    "I_220": 0.0,
    "I_230": 0.0,
    "I_240": 0.0,
    "I_250": 0.0,
    "I_260": 0.0,
    "I_270": 0.0,
    "I_280": 0.0,
    "I_290": 0.0,
    "I_300": 0.0,
    "I_310": 0.0,
    "I_320": 0.0,
    "I_330": 0.0,
    "I_340": 0.0,
    "I_350": 0.0,
    "I_360": 0.00010307153164296021,
    "I_370": 0.00020614306328592042,
    "I_380": 0.00020614306328592042,
    "I_390": 0.00030921459492888067,
    "I_400": 0.0007215007215007215,
    "I_410": 0.0008245722531436817,
    "I_420": 0.0008245722531436817,
    "I_430": 0.0010307153164296021,
    "I_440": 0.0013399299113584827,
    "I_450": 0.0016491445062873633,
    "I_460": 0.0018552875695732839,
    "I_470": 0.0018552875695732839,
    "I_480": 0.002370645227788085,
    "I_490": 0.0027829313543599257,
    "I_500": 0.0030921459492888066,
    "I_510": 0.0036075036075036075,
    "I_520": 0.003813646670789528,
    "I_530": 0.00484436198721913,
    "I_540": 0.005462791177076891,
    "I_550": 0.005875077303648732,
    "I_560": 0.0070088641517212944,
    "I_570": 0.007936507936507936,
    "I_580": 0.008864151721294579,
    "I_590": 0.01030715316429602,
    "I_600": 0.011440940012368584,
    "I_610": 0.012883941455370028,
    "I_620": 0.014017728303442589,
    "I_630": 0.015563801278086993,
    "I_640": 0.017006802721088437,
    "I_650": 0.01906823335394764,
    "I_660": 0.021645021645021644,
    "I_670": 0.02432488146773861,
    "I_680": 0.025870954442383014,
    "I_690": 0.02813852813852814,
    "I_700": 0.030406101834673262,
    "I_710": 0.03308596165739023,
    "I_720": 0.03483817769532055,
    "I_730": 0.03813646670789528,
    "I_740": 0.04071325499896929,
    "I_750": 0.044320758606472895,
    "I_760": 0.04823747680890538,
    "I_770": 0.051638837353123065,
    "I_780": 0.054937126365697794,
    "I_790": 0.0585446299732014,
    "I_800": 0.06318284889713462,
    "I_810": 0.0676149247577819,
    "I_820": 0.07235621521335807,
    "I_830": 0.07637600494743352,
    "I_840": 0.08132343846629561,
    "I_850": 0.08596165739022882,
    "I_860": 0.09142444856730571,
    "I_870": 0.0963718820861678,
    "I_880": 0.10255617398474541,
    "I_890": 0.10925582354153783,
    "I_900": 0.11647083075654505,
    "I_910": 0.12306740878169449,
    "I_920": 0.13017934446505874,
    "I_930": 0.13636363636363635,
    "I_940": 0.14347557204700062,
    "I_950": 0.15120593692022263,
    "I_960": 0.15687487116058543,
    "I_970": 0.1642960214388786,
    "I_980": 0.16955266955266957,
    "I_990": 0.1776953205524634
  },
  "verification_type": "modes",
  "clock_cycle_bounds": [
    0,
    990
  ],
  "noc_model_file_path": "noc_model.modest",
  "raw_modest_output_path": "modest_output.txt"
}