{
  "noc_parameters": {
    "size": [
      2,
      2
    ],
    "buffer_size": 4,
    "activity_thresh": 3,
    "injection_rate_numerator": 3,
    "injection_rate_denominator": 10,
    "resistive_noise_threshold": 1,
    "inductive_noise_threshold": 10
  },
  "modest_command": "modest <model_file> --unsafe --max-run-length 0 -D --rng MersenneTwister -E RESISTIVE_THRESH=1, INDUCTIVE_THRESH=10",
  "verification_time_sec": 498.7928726673126,
  "properties": {
    "R_2000": 0.911873840445269,
    "R_2010": 0.9147598433312719,
    "R_2020": 0.9175427746856318,
    "R_2030": 0.9209441352298495,
    "R_2040": 0.9233147804576376,
    "R_2050": 0.9256854256854257,
    "R_2060": 0.9278499278499278,
    "R_2070": 0.929911358482787,
    "R_2080": 0.9316635745207174,
    "R_2090": 0.9337250051535766,
    "R_2100": 0.9366110080395794,
    "R_2110": 0.9387755102040817,
    "R_2120": 0.9401154401154401,
    "R_2130": 0.9419707276850134,
    "R_2140": 0.9440321583178726,
    "R_2150": 0.9453720882292311,
    "R_2160": 0.9471243042671614,
    "R_2170": 0.9491857349000206,
    "R_2180": 0.9503195217480932,
    "R_2190": 0.9522778808493094,
    "R_2200": 0.9544423830138116,
    "R_2210": 0.956091527520099,
    "R_2220": 0.9568130282415996,
    "R_2230": 0.9583591012162441,
    "R_2240": 0.9601113172541744,
    "R_2250": 0.961245104102247,
    "R_2260": 0.9626881055452484,
    "R_2270": 0.963718820861678,
    "R_2280": 0.9652648938363224,
    "R_2290": 0.9657802514945372,
    "R_2300": 0.9669140383426098,
    "R_2310": 0.9678416821273964,
    "R_2320": 0.969078540507112,
    "R_2330": 0.9706246134817563,
    "R_2340": 0.9714491857349,
    "R_2350": 0.9721706864564007,
    "R_2360": 0.9729952587095444,
    "R_2370": 0.9745413316841888,
    "R_2380": 0.9758812615955473,
    "R_2390": 0.9768089053803339,
    "R_2400": 0.9772211915069058,
    "R_2410": 0.9781488352916924,
    "R_2420": 0.979282622139765,
    "R_2430": 0.9796949082663369,
    "R_2440": 0.9803133374561946,
    "R_2450": 0.9813440527726242,
    "R_2460": 0.9820655534941249,
    "R_2470": 0.9827870542156256,
    "R_2480": 0.9830962688105546,
    "R_2490": 0.9837146980004123,
    "R_2500": 0.9846423417851989,
    "R_2510": 0.9853638425066996,
    "R_2520": 0.9863945578231292,
    "R_2530": 0.9867037724180582,
    "R_2540": 0.98711605854463,
    "R_2550": 0.9878375592661307,
    "R_2560": 0.9880437023294166,
    "R_2570": 0.9883529169243455,
    "R_2580": 0.9887652030509173,
    "R_2590": 0.9890744176458462,
    "R_2600": 0.989692846835704,
    "R_2610": 0.9901051329622759,
    "R_2620": 0.9905174190888476,
    "R_2630": 0.9906204906204906,
    "R_2640": 0.9912389198103484,
    "R_2650": 0.9914450628736343,
    "R_2660": 0.9917542774685632,
    "R_2670": 0.9919604205318491,
    "R_2680": 0.9923727066584209,
    "R_2690": 0.9928880643166358,
    "R_2700": 0.9936095650381365,
    "R_2710": 0.9939187796330653,
    "R_2720": 0.9942279942279942,
    "R_2730": 0.9944341372912802,
    "R_2740": 0.9945372088229231,
    "R_2750": 0.994743351886209,
    "R_2760": 0.994846423417852,
    "R_2770": 0.994846423417852,
    "R_2780": 0.9950525664811379,
    "R_2790": 0.9952587095444239,
    "R_2800": 0.9957740672026386,
    "R_2810": 0.9957740672026386,
    "R_2820": 0.9958771387342816,
    "R_2830": 0.9962894248608535,
    "R_2840": 0.9964955679241394,
    "R_2850": 0.9964955679241394,
    "R_2860": 0.9964955679241394,
    "R_2870": 0.9967017109874253,
    "R_2880": 0.9968047825190682,
    "R_2890": 0.9969078540507111,
    "R_2900": 0.9970109255823542,
    "R_2910": 0.997423211708926,
    "R_2920": 0.9975262832405689,
    "R_2930": 0.9978354978354979,
    "R_2940": 0.9978354978354979,
    "R_2950": 0.9978354978354979,
    "R_2960": 0.9979385693671408,
    "R_2970": 0.9981447124304267,
    "R_2980": 0.9981447124304267,
    "R_2990": 0.9982477839620697
  },
  "verification_type": "modes",
  "clock_cycle_bounds": [
    2000,
    2999
  ],
  "noc_model_file_path": "noc_model.modest",
  "raw_modest_output_path": "modest_output.txt"
}