{
  "noc_parameters": {
    "size": [
      2,
      2
    ],
    "buffer_size": 4,
    "activity_thresh": 3,
    "injection_rate_numerator": 3,
    "injection_rate_denominator": 10,
    "resistive_noise_threshold": 10,
    "inductive_noise_threshold": 1
  },
  "modest_command": "modest <model_file> --unsafe --max-run-length 0 -D --rng MersenneTwister -E RESISTIVE_THRESH=10, INDUCTIVE_THRESH=1",
  "verification_time_sec": 11.781810522079468,
  "properties": {
    "\"R_0\"": 0.0,
    "\"R_1\"": 0.0,
    "\"R_2\"": 0.0,
    "\"R_3\"": 0.0,
    "\"R_4\"": 0.0,
    "\"R_5\"": 0.00020614306328592042,
    "\"R_6\"": 0.0005153576582148011,
    "\"R_7\"": 0.0013399299113584827,
    "\"R_8\"": 0.006081220366934653,
    "\"R_9\"": 0.013296227581941867,
    "\"R_10\"": 0.02844774273345702,
    "\"R_11\"": 0.05328798185941043,
    "\"R_12\"": 0.08750773036487322,
    "\"R_13\"": 0.13203463203463203,
    "\"R_14\"": 0.18645640074211503,
    "\"R_15\"": 0.24623788909503194,
    "\"R_16\"": 0.31715110286538856,
    "\"R_17\"": 0.3823953823953824,
    "\"R_18\"": 0.45217480931766646,
    "\"R_19\"": 0.5219542362399505,
    "\"R_20\"": 0.5863739435168006,
    "\"R_21\"": 0.6457431457431457,
    "\"R_22\"": 0.7027417027417028,
    "\"R_23\"": 0.7530406101834674,
    "\"R_24\"": 0.7957122242836528,
    "\"R_25\"": 0.8320964749536178,
    "\"R_26\"": 0.8641517212945784,
    "\"R_27\"": 0.8889919604205319,
    "\"R_28\"": 0.9109461966604824,
    "\"R_29\"": 0.9287775716347145,
    "\"R_30\"": 0.9423830138115853,
    "\"R_31\"": 0.9547515976087405,
    "\"R_32\"": 0.9641311069882499,
    "\"R_33\"": 0.971346114203257,
    "\"R_34\"": 0.9774273345701917,
    "\"R_35\"": 0.9821686250257678,
    "\"R_36\"": 0.9860853432282004,
    "\"R_37\"": 0.9889713461142032,
    "\"R_38\"": 0.9915481344052772,
    "\"R_39\"": 0.9937126365697794,
    "\"R_40\"": 0.994743351886209,
    "\"R_41\"": 0.9959802102659245,
    "\"R_42\"": 0.9972170686456401,
    "\"R_43\"": 0.9978354978354979,
    "\"R_44\"": 0.9983508554937126,
    "\"R_45\"": 0.9986600700886415,
    "\"R_46\"": 0.9989692846835704,
    "\"R_47\"": 0.9991754277468563,
    "\"R_48\"": 0.9993815708101422,
    "\"R_49\"": 0.9995877138734282,
    "\"R_50\"": 0.9997938569367141,
    "\"R_51\"": 0.9997938569367141,
    "\"R_52\"": 0.9997938569367141,
    "\"R_53\"": 0.9997938569367141,
    "\"R_54\"": 0.9998969284683571,
    "\"R_55\"": 0.9998969284683571,
    "\"R_56\"": 0.9998969284683571,
    "\"R_57\"": 1.0,
    "\"R_58\"": 1.0,
    "\"R_59\"": 1.0,
    "\"R_60\"": 1.0,
    "\"R_61\"": 1.0,
    "\"R_62\"": 1.0,
    "\"R_63\"": 1.0,
    "\"R_64\"": 1.0,
    "\"R_65\"": 1.0,
    "\"R_66\"": 1.0,
    "\"R_67\"": 1.0,
    "\"R_68\"": 1.0,
    "\"R_69\"": 1.0,
    "\"R_70\"": 1.0,
    "\"R_71\"": 1.0,
    "\"R_72\"": 1.0,
    "\"R_73\"": 1.0,
    "\"R_74\"": 1.0,
    "\"R_75\"": 1.0,
    "\"R_76\"": 1.0,
    "\"R_77\"": 1.0,
    "\"R_78\"": 1.0,
    "\"R_79\"": 1.0,
    "\"R_80\"": 1.0,
    "\"R_81\"": 1.0,
    "\"R_82\"": 1.0,
    "\"R_83\"": 1.0,
    "\"R_84\"": 1.0,
    "\"R_85\"": 1.0,
    "\"R_86\"": 1.0,
    "\"R_87\"": 1.0,
    "\"R_88\"": 1.0,
    "\"R_89\"": 1.0,
    "\"R_90\"": 1.0,
    "\"R_91\"": 1.0,
    "\"R_92\"": 1.0,
    "\"R_93\"": 1.0,
    "\"R_94\"": 1.0,
    "\"R_95\"": 1.0,
    "\"R_96\"": 1.0,
    "\"R_97\"": 1.0,
    "\"R_98\"": 1.0,
    "\"R_99\"": 1.0
  },
  "verification_type": "modes",
  "clock_cycle_bounds": [
    0,
    99
  ],
  "noc_model_file_path": "noc_model.modest",
  "raw_modest_output_path": "modest_output.txt"
}