{
  "noc_parameters": {
    "size": [
      2,
      2
    ],
    "buffer_size": 4,
    "activity_thresh": 3,
    "injection_rate_numerator": 3,
    "injection_rate_denominator": 10,
    "resistive_noise_threshold": 20,
    "inductive_noise_threshold": 1
  },
  "modest_command": "modest <model_file> --unsafe --max-run-length 0 -D --rng MersenneTwister -E RESISTIVE_NOISE_THRESH=20, INDUCTIVE_NOISE_THRESH=1",
  "verification_time_sec": 260.6099331378937,
  "properties": {
    "\"R_400\"": 0.9963924963924964,
    "\"R_401\"": 0.9968047825190682,
    "\"R_402\"": 0.9976293547722119,
    "\"R_403\"": 0.9980416408987838,
    "\"R_404\"": 0.9980416408987838,
    "\"R_405\"": 0.9980416408987838,
    "\"R_406\"": 0.9980416408987838,
    "\"R_407\"": 0.9980416408987838,
    "\"R_408\"": 0.9980416408987838,
    "\"R_409\"": 0.9980416408987838,
    "\"R_410\"": 0.9980416408987838,
    "\"R_411\"": 0.9981447124304267,
    "\"R_412\"": 0.9982477839620697,
    "\"R_413\"": 0.9982477839620697,
    "\"R_414\"": 0.9982477839620697,
    "\"R_415\"": 0.9982477839620697,
    "\"R_416\"": 0.9982477839620697,
    "\"R_417\"": 0.9982477839620697,
    "\"R_418\"": 0.9982477839620697,
    "\"R_419\"": 0.9982477839620697,
    "\"R_420\"": 0.9982477839620697,
    "\"R_421\"": 0.9986600700886415,
    "\"R_422\"": 0.9989692846835704,
    "\"R_423\"": 0.9989692846835704,
    "\"R_424\"": 0.9989692846835704,
    "\"R_425\"": 0.9989692846835704,
    "\"R_426\"": 0.9989692846835704,
    "\"R_427\"": 0.9989692846835704,
    "\"R_428\"": 0.9989692846835704,
    "\"R_429\"": 0.9989692846835704,
    "\"R_430\"": 0.9989692846835704,
    "\"R_431\"": 0.9991754277468563,
    "\"R_432\"": 0.9993815708101422,
    "\"R_433\"": 0.9993815708101422,
    "\"R_434\"": 0.9993815708101422,
    "\"R_435\"": 0.9993815708101422,
    "\"R_436\"": 0.9993815708101422,
    "\"R_437\"": 0.9993815708101422,
    "\"R_438\"": 0.9993815708101422,
    "\"R_439\"": 0.9993815708101422,
    "\"R_440\"": 0.9993815708101422,
    "\"R_441\"": 0.9994846423417852,
    "\"R_442\"": 0.9996907854050712,
    "\"R_443\"": 0.9997938569367141,
    "\"R_444\"": 0.9997938569367141,
    "\"R_445\"": 0.9997938569367141,
    "\"R_446\"": 0.9997938569367141,
    "\"R_447\"": 0.9997938569367141,
    "\"R_448\"": 0.9997938569367141,
    "\"R_449\"": 0.9997938569367141,
    "\"R_450\"": 0.9997938569367141,
    "\"R_451\"": 0.9998969284683571,
    "\"R_452\"": 0.9998969284683571,
    "\"R_453\"": 0.9998969284683571,
    "\"R_454\"": 0.9998969284683571,
    "\"R_455\"": 0.9998969284683571,
    "\"R_456\"": 0.9998969284683571,
    "\"R_457\"": 0.9998969284683571,
    "\"R_458\"": 0.9998969284683571,
    "\"R_459\"": 0.9998969284683571,
    "\"R_460\"": 0.9998969284683571,
    "\"R_461\"": 0.9998969284683571,
    "\"R_462\"": 0.9998969284683571,
    "\"R_463\"": 0.9998969284683571,
    "\"R_464\"": 0.9998969284683571,
    "\"R_465\"": 0.9998969284683571,
    "\"R_466\"": 0.9998969284683571,
    "\"R_467\"": 0.9998969284683571,
    "\"R_468\"": 0.9998969284683571,
    "\"R_469\"": 0.9998969284683571,
    "\"R_470\"": 0.9998969284683571,
    "\"R_471\"": 0.9998969284683571,
    "\"R_472\"": 0.9998969284683571,
    "\"R_473\"": 0.9998969284683571,
    "\"R_474\"": 0.9998969284683571,
    "\"R_475\"": 0.9998969284683571,
    "\"R_476\"": 0.9998969284683571,
    "\"R_477\"": 0.9998969284683571,
    "\"R_478\"": 0.9998969284683571,
    "\"R_479\"": 0.9998969284683571,
    "\"R_480\"": 0.9998969284683571,
    "\"R_481\"": 1.0,
    "\"R_482\"": 1.0,
    "\"R_483\"": 1.0,
    "\"R_484\"": 1.0,
    "\"R_485\"": 1.0,
    "\"R_486\"": 1.0,
    "\"R_487\"": 1.0,
    "\"R_488\"": 1.0,
    "\"R_489\"": 1.0,
    "\"R_490\"": 1.0,
    "\"R_491\"": 1.0,
    "\"R_492\"": 1.0,
    "\"R_493\"": 1.0,
    "\"R_494\"": 1.0,
    "\"R_495\"": 1.0,
    "\"R_496\"": 1.0,
    "\"R_497\"": 1.0,
    "\"R_498\"": 1.0,
    "\"R_499\"": 1.0
  },
  "verification_type": "modes",
  "clock_cycle_bounds": [
    400,
    499
  ],
  "noc_model_file_path": "noc_model.modest",
  "raw_modest_output_path": "modest_output.txt"
}