{
  "noc_parameters": {
    "size": [
      2,
      2
    ],
    "buffer_size": 4,
    "activity_thresh": 3,
    "injection_rate_numerator": 3,
    "injection_rate_denominator": 10,
    "resistive_noise_threshold": 1,
    "inductive_noise_threshold": 1
  },
  "modest_command": "modest <model_file> --unsafe --max-run-length 0 -D --rng MersenneTwister -E RESISTIVE_THRESH=1, INDUCTIVE_THRESH=1",
  "verification_time_sec": 50.0731782913208,
  "properties": {
    "R_0": 0.0,
    "R_10": 0.07153164296021439,
    "R_20": 0.13924963924963926,
    "R_30": 0.20366934652648938,
    "R_40": 0.2625231910946197,
    "R_50": 0.31601731601731603,
    "R_60": 0.36250257678829106,
    "R_70": 0.4064110492681921,
    "R_80": 0.44990723562152135,
    "R_90": 0.48639455782312924,
    "R_100": 0.5206143063285921,
    "R_110": 0.5534941249226963,
    "R_120": 0.5853432282003711,
    "R_130": 0.6134817563388992,
    "R_140": 0.6410018552875696,
    "R_150": 0.6673881673881674,
    "R_160": 0.6909915481344053,
    "R_170": 0.7102659245516388,
    "R_180": 0.7320140177283034,
    "R_190": 0.7502576788291074,
    "R_200": 0.7700474129045558,
    "R_210": 0.7846835703978561,
    "R_220": 0.8000412286126571,
    "R_230": 0.8140589569160998,
    "R_240": 0.8294166151309008,
    "R_250": 0.8403421974850547,
    "R_260": 0.852298495155638,
    "R_270": 0.865285508142651,
    "R_280": 0.8744588744588745,
    "R_290": 0.8823953823953824,
    "R_300": 0.8902288188002474,
    "R_310": 0.8984745413316841,
    "R_320": 0.9047619047619048,
    "R_330": 0.9109461966604824,
    "R_340": 0.9176458462172747,
    "R_350": 0.9225932797361369,
    "R_360": 0.9286745001030715,
    "R_370": 0.9341372912801484,
    "R_380": 0.937641723356009,
    "R_390": 0.9415584415584416,
    "R_400": 0.945784374355803,
    "R_410": 0.9492888064316636,
    "R_420": 0.9541331684188827,
    "R_430": 0.9568130282415996,
    "R_440": 0.9601113172541744,
    "R_450": 0.9629973201401772,
    "R_460": 0.9654710368996083,
    "R_470": 0.9675324675324676,
    "R_480": 0.9702123273551845,
    "R_490": 0.9724799010513296,
    "R_500": 0.9742321170892599,
    "R_510": 0.9764996907854051,
    "R_520": 0.9784580498866213,
    "R_530": 0.9804164089878376,
    "R_540": 0.9820655534941249,
    "R_550": 0.9839208410636983,
    "R_560": 0.9855699855699855,
    "R_570": 0.9862914862914863,
    "R_580": 0.9873222016079158,
    "R_590": 0.9882498453927026,
    "R_600": 0.9888682745825603,
    "R_610": 0.989589775304061,
    "R_620": 0.9901051329622759,
    "R_630": 0.9909297052154195,
    "R_640": 0.9915481344052772,
    "R_650": 0.9919604205318491,
    "R_660": 0.9920634920634921,
    "R_670": 0.9927849927849928,
    "R_680": 0.9931972789115646,
    "R_690": 0.9936095650381365,
    "R_700": 0.9939187796330653,
    "R_710": 0.9942279942279942,
    "R_720": 0.9946402803545661,
    "R_730": 0.9950525664811379,
    "R_740": 0.9952587095444239,
    "R_750": 0.9956709956709957,
    "R_760": 0.9957740672026386,
    "R_770": 0.9961863533292105,
    "R_780": 0.9967017109874253,
    "R_790": 0.9969078540507111,
    "R_800": 0.9971139971139971,
    "R_810": 0.9972170686456401,
    "R_820": 0.997320140177283,
    "R_830": 0.997320140177283,
    "R_840": 0.9976293547722119,
    "R_850": 0.9976293547722119,
    "R_860": 0.9977324263038548,
    "R_870": 0.9978354978354979,
    "R_880": 0.9981447124304267,
    "R_890": 0.9982477839620697,
    "R_900": 0.9983508554937126,
    "R_910": 0.9983508554937126,
    "R_920": 0.9984539270253556,
    "R_930": 0.9986600700886415,
    "R_940": 0.9987631416202845,
    "R_950": 0.9988662131519275,
    "R_960": 0.9988662131519275,
    "R_970": 0.9988662131519275,
    "R_980": 0.9988662131519275,
    "R_990": 0.9988662131519275
  },
  "verification_type": "modes",
  "clock_cycle_bounds": [
    0,
    999
  ],
  "noc_model_file_path": "noc_model.modest",
  "raw_modest_output_path": "modest_output.txt"
}