{
  "noc_parameters": {
    "size": [
      2,
      2
    ],
    "buffer_size": 4,
    "activity_thresh": 3,
    "injection_rate_numerator": 3,
    "injection_rate_denominator": 10,
    "resistive_noise_threshold": 1,
    "inductive_noise_threshold": 10
  },
  "modest_command": "modest <model_file> --unsafe --max-run-length 0 -D --rng MersenneTwister -E RESISTIVE_THRESH=1, INDUCTIVE_THRESH=10",
  "verification_time_sec": 458.50140833854675,
  "properties": {
    "\"R_1000\"": 0.38868274582560297,
    "\"R_1010\"": 0.39837146980004123,
    "\"R_1020\"": 0.40867862296433727,
    "\"R_1030\"": 0.4199134199134199,
    "\"R_1040\"": 0.4309420737992167,
    "\"R_1050\"": 0.440424654710369,
    "\"R_1060\"": 0.45351473922902497,
    "\"R_1070\"": 0.4649556792413935,
    "\"R_1080\"": 0.4754689754689755,
    "\"R_1090\"": 0.4861884147598433,
    "\"R_1100\"": 0.4972170686456401,
    "\"R_1110\"": 0.5071119356833642,
    "\"R_1120\"": 0.5180375180375181,
    "\"R_1130\"": 0.5287569573283859,
    "\"R_1140\"": 0.5381364667078953,
    "\"R_1150\"": 0.5470006184291899,
    "\"R_1160\"": 0.5573077715934859,
    "\"R_1170\"": 0.5663780663780664,
    "\"R_1180\"": 0.5766852195423624,
    "\"R_1190\"": 0.5862708719851577,
    "\"R_1200\"": 0.5952380952380952,
    "\"R_1210\"": 0.6057513914656771,
    "\"R_1220\"": 0.6157493300350443,
    "\"R_1230\"": 0.6240981240981242,
    "\"R_1240\"": 0.6323438466295609,
    "\"R_1250\"": 0.6403834260977118,
    "\"R_1260\"": 0.6496598639455783,
    "\"R_1270\"": 0.6586270871985158,
    "\"R_1280\"": 0.6673881673881674,
    "\"R_1290\"": 0.6771799628942486,
    "\"R_1300\"": 0.6874871160585446,
    "\"R_1310\"": 0.6955266955266955,
    "\"R_1320\"": 0.7044939187796331,
    "\"R_1330\"": 0.7140795712224284,
    "\"R_1340\"": 0.72284065141208,
    "\"R_1350\"": 0.730571016285302,
    "\"R_1360\"": 0.7383013811585241,
    "\"R_1370\"": 0.745928674500103,
    "\"R_1380\"": 0.7531436817151103,
    "\"R_1390\"": 0.7602556173984746,
    "\"R_1400\"": 0.7672644815501959,
    "\"R_1410\"": 0.7742733457019171,
    "\"R_1420\"": 0.7827252112966399,
    "\"R_1430\"": 0.7896310039167183,
    "\"R_1440\"": 0.7963306534735106,
    "\"R_1450\"": 0.8034425891568748,
    "\"R_1460\"": 0.8094207379921665,
    "\"R_1470\"": 0.8150896722325294,
    "\"R_1480\"": 0.8225108225108225,
    "\"R_1490\"": 0.8278705421562564,
    "\"R_1500\"": 0.8337456194599052,
    "\"R_1510\"": 0.8399299113584828,
    "\"R_1520\"": 0.8466295609152752,
    "\"R_1530\"": 0.8515769944341373,
    "\"R_1540\"": 0.8566274994846423,
    "\"R_1550\"": 0.8610595753452897,
    "\"R_1560\"": 0.8668315811172954,
    "\"R_1570\"": 0.8710575139146568,
    "\"R_1580\"": 0.8746650175221604,
    "\"R_1590\"": 0.8785817357245929,
    "\"R_1600\"": 0.8827045969903112,
    "\"R_1610\"": 0.8869305297876726,
    "\"R_1620\"": 0.8915687487116059,
    "\"R_1630\"": 0.8954854669140383,
    "\"R_1640\"": 0.898886827458256,
    "\"R_1650\"": 0.9021851164708308,
    "\"R_1660\"": 0.9055864770150485,
    "\"R_1670\"": 0.9091939806225521,
    "\"R_1680\"": 0.911667697381983,
    "\"R_1690\"": 0.914553700267986,
    "\"R_1700\"": 0.9176458462172747,
    "\"R_1710\"": 0.922284065141208,
    "\"R_1720\"": 0.9250669964955679,
    "\"R_1730\"": 0.9277468563182849,
    "\"R_1740\"": 0.9311482168625026,
    "\"R_1750\"": 0.9339311482168625,
    "\"R_1760\"": 0.9360956503813647,
    "\"R_1770\"": 0.9385693671407958,
    "\"R_1780\"": 0.9408369408369408,
    "\"R_1790\"": 0.9433106575963719,
    "\"R_1800\"": 0.945475159760874,
    "\"R_1810\"": 0.9474335188620903,
    "\"R_1820\"": 0.9495980210265924,
    "\"R_1830\"": 0.9513502370645228,
    "\"R_1840\"": 0.9529993815708101,
    "\"R_1850\"": 0.9548546691403834,
    "\"R_1860\"": 0.9569160997732427,
    "\"R_1870\"": 0.9589775304061018,
    "\"R_1880\"": 0.9603174603174603,
    "\"R_1890\"": 0.9618635332921047,
    "\"R_1900\"": 0.9631003916718203,
    "\"R_1910\"": 0.9645433931148217,
    "\"R_1920\"": 0.9653679653679653,
    "\"R_1930\"": 0.9673263244691817,
    "\"R_1940\"": 0.9689754689754689,
    "\"R_1950\"": 0.9704184704184704,
    "\"R_1960\"": 0.9719645433931148,
    "\"R_1970\"": 0.9729952587095444,
    "\"R_1980\"": 0.9745413316841888,
    "\"R_1990\"": 0.9760874046588333
  },
  "verification_type": "modes",
  "clock_cycle_bounds": [
    1000,
    1999
  ],
  "noc_model_file_path": "noc_model.modest",
  "raw_modest_output_path": "modest_output.txt"
}