{
  "noc_parameters": {
    "size": [
      2,
      2
    ],
    "buffer_size": 4,
    "activity_thresh": 3,
    "injection_rate_numerator": 3,
    "injection_rate_denominator": 10,
    "resistive_noise_threshold": 1,
    "inductive_noise_threshold": 5
  },
  "modest_command": "modest <model_file> --unsafe --max-run-length 0 -D --rng MersenneTwister -E RESISTIVE_THRESH=1, INDUCTIVE_THRESH=5",
  "verification_time_sec": 209.6862497329712,
  "properties": {
    "R_0": 0.0,
    "R_10": 0.0,
    "R_20": 0.0,
    "R_30": 0.0,
    "R_40": 0.0,
    "R_50": 0.0,
    "R_60": 0.00020614306328592042,
    "R_70": 0.0010307153164296021,
    "R_80": 0.0017522160379303236,
    "R_90": 0.0026798598227169654,
    "R_100": 0.004019789734075448,
    "R_110": 0.0059781488352916926,
    "R_120": 0.007730364873222016,
    "R_130": 0.009894867037724181,
    "R_140": 0.012883941455370028,
    "R_150": 0.015151515151515152,
    "R_160": 0.01906823335394764,
    "R_170": 0.022057307771593485,
    "R_180": 0.025870954442383014,
    "R_190": 0.03153988868274583,
    "R_200": 0.037311894454751596,
    "R_210": 0.04256854256854257,
    "R_220": 0.05009276437847866,
    "R_230": 0.056070913213770356,
    "R_240": 0.06514120799835085,
    "R_250": 0.07493300350443208,
    "R_260": 0.08534322820037106,
    "R_270": 0.09750566893424037,
    "R_280": 0.10822510822510822,
    "R_290": 0.1206967635539064,
    "R_300": 0.13388991960420532,
    "R_310": 0.14656771799628943,
    "R_320": 0.15976087404658834,
    "R_330": 0.17223252937538652,
    "R_340": 0.18491032776747063,
    "R_350": 0.19676355390641104,
    "R_360": 0.21160585446299732,
    "R_370": 0.22603586889301175,
    "R_380": 0.2398474541331684,
    "R_390": 0.25654504225932795,
    "R_400": 0.27231498660070086,
    "R_410": 0.2880849309420738,
    "R_420": 0.3067408781694496,
    "R_430": 0.32333539476396617,
    "R_440": 0.3395176252319109,
    "R_450": 0.35611214182642753,
    "R_460": 0.37270665842094414,
    "R_470": 0.38950731807874667,
    "R_480": 0.40558647701504846,
    "R_490": 0.42403628117913833,
    "R_500": 0.440527726242012,
    "R_510": 0.45691609977324266,
    "R_520": 0.4725829725829726,
    "R_530": 0.48546691403834263,
    "R_540": 0.5009276437847866,
    "R_550": 0.5169037311894454,
    "R_560": 0.5323644609358895,
    "R_570": 0.546794475365904,
    "R_580": 0.5614306328592042,
    "R_590": 0.5760667903525046,
    "R_600": 0.590599876314162,
    "R_610": 0.6043083900226758,
    "R_620": 0.6162646876932591,
    "R_630": 0.6291486291486291,
    "R_640": 0.6428571428571429,
    "R_650": 0.6569779426922284,
    "R_660": 0.6695526695526696,
    "R_670": 0.6826427540713255,
    "R_680": 0.6937744794887652,
    "R_690": 0.7039785611214182,
    "R_700": 0.7141826427540713,
    "R_710": 0.725417439703154,
    "R_720": 0.738404452690167,
    "R_730": 0.7497423211708926,
    "R_740": 0.7593279736136879,
    "R_750": 0.7695320552463409,
    "R_760": 0.7780869923727066,
    "R_770": 0.7891156462585034,
    "R_780": 0.7988043702329417,
    "R_790": 0.8078746650175221,
    "R_800": 0.8162234590806019,
    "R_810": 0.8242630385487528,
    "R_820": 0.8308596165739023,
    "R_830": 0.8375592661306948,
    "R_840": 0.8437435580292724,
    "R_850": 0.8507524221809936,
    "R_860": 0.8579674293960008,
    "R_870": 0.8640486497629355,
    "R_880": 0.8701298701298701,
    "R_890": 0.8764172335600907,
    "R_900": 0.8822923108637394,
    "R_910": 0.8867243867243867,
    "R_920": 0.8920841063698206,
    "R_930": 0.8969284683570398,
    "R_940": 0.9018759018759018,
    "R_950": 0.9076479076479076,
    "R_960": 0.9113584827870542,
    "R_970": 0.9149659863945578,
    "R_980": 0.9186765615337044,
    "R_990": 0.9230055658627088
  },
  "verification_type": "modes",
  "clock_cycle_bounds": [
    0,
    999
  ],
  "noc_model_file_path": "noc_model.modest",
  "raw_modest_output_path": "modest_output.txt"
}