{
  "noc_parameters": {
    "size": [
      2,
      2
    ],
    "buffer_size": 4,
    "activity_thresh": 3,
    "injection_rate_numerator": 3,
    "injection_rate_denominator": 10,
    "resistive_noise_threshold": 20,
    "inductive_noise_threshold": 1
  },
  "modest_command": "modest <model_file> --unsafe --max-run-length 0 -D --rng MersenneTwister -E RESISTIVE_THRESH=20, INDUCTIVE_THRESH=1",
  "verification_time_sec": 88.10164189338684,
  "properties": {
    "R_400": 0.994743351886209,
    "R_401": 0.9951556380127808,
    "R_402": 0.9959802102659245,
    "R_403": 0.9961863533292105,
    "R_404": 0.9961863533292105,
    "R_405": 0.9961863533292105,
    "R_406": 0.9961863533292105,
    "R_407": 0.9961863533292105,
    "R_408": 0.9961863533292105,
    "R_409": 0.9961863533292105,
    "R_410": 0.9961863533292105,
    "R_411": 0.9965986394557823,
    "R_412": 0.9972170686456401,
    "R_413": 0.997320140177283,
    "R_414": 0.997320140177283,
    "R_415": 0.997320140177283,
    "R_416": 0.997320140177283,
    "R_417": 0.997320140177283,
    "R_418": 0.997320140177283,
    "R_419": 0.997320140177283,
    "R_420": 0.997320140177283,
    "R_421": 0.997423211708926,
    "R_422": 0.9980416408987838,
    "R_423": 0.9980416408987838,
    "R_424": 0.9980416408987838,
    "R_425": 0.9980416408987838,
    "R_426": 0.9980416408987838,
    "R_427": 0.9980416408987838,
    "R_428": 0.9980416408987838,
    "R_429": 0.9980416408987838,
    "R_430": 0.9980416408987838,
    "R_431": 0.9982477839620697,
    "R_432": 0.9985569985569985,
    "R_433": 0.9986600700886415,
    "R_434": 0.9986600700886415,
    "R_435": 0.9986600700886415,
    "R_436": 0.9986600700886415,
    "R_437": 0.9986600700886415,
    "R_438": 0.9986600700886415,
    "R_439": 0.9986600700886415,
    "R_440": 0.9986600700886415,
    "R_441": 0.9986600700886415,
    "R_442": 0.9988662131519275,
    "R_443": 0.9989692846835704,
    "R_444": 0.9989692846835704,
    "R_445": 0.9989692846835704,
    "R_446": 0.9989692846835704,
    "R_447": 0.9989692846835704,
    "R_448": 0.9989692846835704,
    "R_449": 0.9989692846835704,
    "R_450": 0.9989692846835704,
    "R_451": 0.9990723562152134,
    "R_452": 0.9992784992784993,
    "R_453": 0.9992784992784993,
    "R_454": 0.9992784992784993,
    "R_455": 0.9992784992784993,
    "R_456": 0.9992784992784993,
    "R_457": 0.9992784992784993,
    "R_458": 0.9992784992784993,
    "R_459": 0.9992784992784993,
    "R_460": 0.9992784992784993,
    "R_461": 0.9994846423417852,
    "R_462": 0.9996907854050712,
    "R_463": 0.9996907854050712,
    "R_464": 0.9996907854050712,
    "R_465": 0.9996907854050712,
    "R_466": 0.9996907854050712,
    "R_467": 0.9996907854050712,
    "R_468": 0.9996907854050712,
    "R_469": 0.9996907854050712,
    "R_470": 0.9996907854050712,
    "R_471": 0.9997938569367141,
    "R_472": 0.9997938569367141,
    "R_473": 0.9997938569367141,
    "R_474": 0.9997938569367141,
    "R_475": 0.9997938569367141,
    "R_476": 0.9997938569367141,
    "R_477": 0.9997938569367141,
    "R_478": 0.9997938569367141,
    "R_479": 0.9997938569367141,
    "R_480": 0.9997938569367141,
    "R_481": 0.9997938569367141,
    "R_482": 0.9997938569367141,
    "R_483": 0.9997938569367141,
    "R_484": 0.9997938569367141,
    "R_485": 0.9997938569367141,
    "R_486": 0.9997938569367141,
    "R_487": 0.9997938569367141,
    "R_488": 0.9997938569367141,
    "R_489": 0.9997938569367141,
    "R_490": 0.9997938569367141,
    "R_491": 0.9998969284683571,
    "R_492": 0.9998969284683571,
    "R_493": 0.9998969284683571,
    "R_494": 0.9998969284683571,
    "R_495": 0.9998969284683571,
    "R_496": 0.9998969284683571,
    "R_497": 0.9998969284683571,
    "R_498": 0.9998969284683571,
    "R_499": 0.9998969284683571
  },
  "verification_type": "modes",
  "clock_cycle_bounds": [
    400,
    499
  ],
  "noc_model_file_path": "noc_model.modest",
  "raw_modest_output_path": "modest_output.txt"
}