{
  "noc_parameters": {
    "size": [
      2,
      2
    ],
    "buffer_size": 4,
    "activity_thresh": 3,
    "injection_rate_numerator": 3,
    "injection_rate_denominator": 10,
    "resistive_noise_threshold": 1,
    "inductive_noise_threshold": 10
  },
  "modest_command": "modest <model_file> --unsafe --max-run-length 0 -D --rng MersenneTwister -E RESISTIVE_NOISE_THRESH=1, INDUCTIVE_NOISE_THRESH=10",
  "verification_time_sec": 1457.3456373214722,
  "properties": {
    "I_2000": 0.9099154813440528,
    "I_2010": 0.9126984126984127,
    "I_2020": 0.9151721294578438,
    "I_2030": 0.9181612038754896,
    "I_2040": 0.9214594928880643,
    "I_2050": 0.9231086373943517,
    "I_2060": 0.9258915687487116,
    "I_2070": 0.9283652855081427,
    "I_2080": 0.9306328592042877,
    "I_2090": 0.9332096474953617,
    "I_2100": 0.9357864357864358,
    "I_2110": 0.937950937950938,
    "I_2120": 0.940218511647083,
    "I_2130": 0.9425891568748712,
    "I_2140": 0.9449598021026593,
    "I_2150": 0.9468150896722325,
    "I_2160": 0.9491857349000206,
    "I_2170": 0.9510410224695939,
    "I_2180": 0.9523809523809523,
    "I_2190": 0.9540300968872397,
    "I_2200": 0.955885384456813,
    "I_2210": 0.9580498866213152,
    "I_2220": 0.9598021026592455,
    "I_2230": 0.9616573902288188,
    "I_2240": 0.9624819624819625,
    "I_2250": 0.963924963924964,
    "I_2260": 0.9648526077097506,
    "I_2270": 0.9650587507730365,
    "I_2280": 0.9669140383426098,
    "I_2290": 0.9678416821273964,
    "I_2300": 0.9696969696969697,
    "I_2310": 0.9707276850133993,
    "I_2320": 0.9715522572665429,
    "I_2330": 0.9726860441146156,
    "I_2340": 0.9735106163677593,
    "I_2350": 0.974129045557617,
    "I_2360": 0.9752628324056896,
    "I_2370": 0.976602762317048,
    "I_2380": 0.9771181199752629,
    "I_2390": 0.9779426922284065,
    "I_2400": 0.9788703360131932,
    "I_2410": 0.979179550608122,
    "I_2420": 0.9799010513296228,
    "I_2430": 0.9805194805194806,
    "I_2440": 0.9812409812409812,
    "I_2450": 0.9821686250257678,
    "I_2460": 0.9825809111523397,
    "I_2470": 0.9831993403421975,
    "I_2480": 0.9837146980004123,
    "I_2490": 0.9847454133168418,
    "I_2500": 0.9855699855699855,
    "I_2510": 0.9860853432282004,
    "I_2520": 0.9861884147598433,
    "I_2530": 0.987012987012987,
    "I_2540": 0.9876314162028448,
    "I_2550": 0.9881467738610595,
    "I_2560": 0.9885590599876314,
    "I_2570": 0.9888682745825603,
    "I_2580": 0.9891774891774892,
    "I_2590": 0.989589775304061,
    "I_2600": 0.9900020614306329,
    "I_2610": 0.9903112760255618,
    "I_2620": 0.9907235621521335,
    "I_2630": 0.9914450628736343,
    "I_2640": 0.9916512059369202,
    "I_2650": 0.9919604205318491,
    "I_2660": 0.992269635126778,
    "I_2670": 0.9927849927849928,
    "I_2680": 0.9931972789115646,
    "I_2690": 0.9937126365697794,
    "I_2700": 0.9939187796330653,
    "I_2710": 0.9940218511647083,
    "I_2720": 0.9943310657596371,
    "I_2730": 0.9944341372912802,
    "I_2740": 0.9945372088229231,
    "I_2750": 0.9945372088229231,
    "I_2760": 0.9946402803545661,
    "I_2770": 0.994743351886209,
    "I_2780": 0.9952587095444239,
    "I_2790": 0.9954648526077098,
    "I_2800": 0.9956709956709957,
    "I_2810": 0.9956709956709957,
    "I_2820": 0.9958771387342816,
    "I_2830": 0.9961863533292105,
    "I_2840": 0.9962894248608535,
    "I_2850": 0.9965986394557823,
    "I_2860": 0.9968047825190682,
    "I_2870": 0.9969078540507111,
    "I_2880": 0.9969078540507111,
    "I_2890": 0.9972170686456401,
    "I_2900": 0.9972170686456401,
    "I_2910": 0.9972170686456401,
    "I_2920": 0.997423211708926,
    "I_2930": 0.9977324263038548,
    "I_2940": 0.9977324263038548,
    "I_2950": 0.9977324263038548,
    "I_2960": 0.9977324263038548,
    "I_2970": 0.9979385693671408,
    "I_2980": 0.9979385693671408,
    "I_2990": 0.9979385693671408
  },
  "verification_type": "modes",
  "clock_cycle_bounds": [
    2000,
    2990
  ],
  "noc_model_file_path": "noc_model.modest",
  "raw_modest_output_path": "modest_output.txt"
}