{
  "noc_parameters": {
    "size": [
      2,
      2
    ],
    "buffer_size": 4,
    "activity_thresh": 3,
    "injection_rate_numerator": 3,
    "injection_rate_denominator": 10,
    "resistive_noise_threshold": 1,
    "inductive_noise_threshold": 10
  },
  "modest_command": "modest <model_file> --unsafe --max-run-length 0 -D --rng MersenneTwister -E RESISTIVE_THRESH=1, INDUCTIVE_THRESH=10",
  "verification_time_sec": 402.24735951423645,
  "properties": {
    "R_3000": 0.9995877138734282,
    "R_3010": 0.9995877138734282,
    "R_3020": 0.9995877138734282,
    "R_3030": 0.9995877138734282,
    "R_3040": 0.9995877138734282,
    "R_3050": 0.9995877138734282,
    "R_3060": 0.9997938569367141,
    "R_3070": 0.9997938569367141,
    "R_3080": 0.9997938569367141,
    "R_3090": 0.9998969284683571,
    "R_3100": 0.9998969284683571,
    "R_3110": 0.9998969284683571,
    "R_3120": 0.9998969284683571,
    "R_3130": 0.9998969284683571,
    "R_3140": 0.9998969284683571,
    "R_3150": 0.9998969284683571,
    "R_3160": 0.9998969284683571,
    "R_3170": 1.0,
    "R_3180": 1.0,
    "R_3190": 1.0,
    "R_3200": 1.0,
    "R_3210": 1.0,
    "R_3220": 1.0,
    "R_3230": 1.0,
    "R_3240": 1.0,
    "R_3250": 1.0,
    "R_3260": 1.0,
    "R_3270": 1.0,
    "R_3280": 1.0,
    "R_3290": 1.0,
    "R_3300": 1.0,
    "R_3310": 1.0,
    "R_3320": 1.0,
    "R_3330": 1.0,
    "R_3340": 1.0,
    "R_3350": 1.0,
    "R_3360": 1.0,
    "R_3370": 1.0,
    "R_3380": 1.0,
    "R_3390": 1.0,
    "R_3400": 1.0,
    "R_3410": 1.0,
    "R_3420": 1.0,
    "R_3430": 1.0,
    "R_3440": 1.0,
    "R_3450": 1.0,
    "R_3460": 1.0,
    "R_3470": 1.0,
    "R_3480": 1.0,
    "R_3490": 1.0,
    "R_3500": 1.0
  },
  "verification_type": "modes",
  "clock_cycle_bounds": [
    3000,
    3500
  ],
  "noc_model_file_path": "noc_model.modest",
  "raw_modest_output_path": "modest_output.txt"
}