{
  "noc_parameters": {
    "size": [
      2,
      2
    ],
    "buffer_size": 4,
    "activity_thresh": 3,
    "injection_rate_numerator": 3,
    "injection_rate_denominator": 10,
    "resistive_noise_threshold": 20,
    "inductive_noise_threshold": 1
  },
  "modest_command": "modest <model_file> --unsafe --max-run-length 0 -D --rng MersenneTwister -E RESISTIVE_THRESH=20, INDUCTIVE_THRESH=1",
  "verification_time_sec": 18.4945867061615,
  "properties": {
    "\"R_0\"": 0.0,
    "\"R_1\"": 0.0,
    "\"R_2\"": 0.0,
    "\"R_3\"": 0.0,
    "\"R_4\"": 0.0,
    "\"R_5\"": 0.0,
    "\"R_6\"": 0.0,
    "\"R_7\"": 0.0,
    "\"R_8\"": 0.0,
    "\"R_9\"": 0.0,
    "\"R_10\"": 0.0,
    "\"R_11\"": 0.0,
    "\"R_12\"": 0.0,
    "\"R_13\"": 0.00010307153164296021,
    "\"R_14\"": 0.00020614306328592042,
    "\"R_15\"": 0.00030921459492888067,
    "\"R_16\"": 0.00030921459492888067,
    "\"R_17\"": 0.00041228612657184083,
    "\"R_18\"": 0.0013399299113584827,
    "\"R_19\"": 0.0026798598227169654,
    "\"R_20\"": 0.00515357658214801,
    "\"R_21\"": 0.011028653885796743,
    "\"R_22\"": 0.01937744794887652,
    "\"R_23\"": 0.02855081426509998,
    "\"R_24\"": 0.04421768707482993,
    "\"R_25\"": 0.06338899196042053,
    "\"R_26\"": 0.08596165739022882,
    "\"R_27\"": 0.11348175633889919,
    "\"R_28\"": 0.14708307565450424,
    "\"R_29\"": 0.18068439497010927,
    "\"R_30\"": 0.21799628942486085,
    "\"R_31\"": 0.25953411667697385,
    "\"R_32\"": 0.30014430014430016,
    "\"R_33\"": 0.3463203463203463,
    "\"R_34\"": 0.39631003916718205,
    "\"R_35\"": 0.4444444444444444,
    "\"R_36\"": 0.4940218511647083,
    "\"R_37\"": 0.5423623995052567,
    "\"R_38\"": 0.5929705215419501,
    "\"R_39\"": 0.6353329210472067,
    "\"R_40\"": 0.6740878169449598,
    "\"R_41\"": 0.7152133580705009,
    "\"R_42\"": 0.7498453927025356,
    "\"R_43\"": 0.7806637806637806,
    "\"R_44\"": 0.8104514533085961,
    "\"R_45\"": 0.8348794063079777,
    "\"R_46\"": 0.8588950731807875,
    "\"R_47\"": 0.8797155225726654,
    "\"R_48\"": 0.8969284683570398,
    "\"R_49\"": 0.914450628736343,
    "\"R_50\"": 0.9276437847866419,
    "\"R_51\"": 0.9386724386724387,
    "\"R_52\"": 0.9472273757988043,
    "\"R_53\"": 0.9547515976087405,
    "\"R_54\"": 0.9616573902288188,
    "\"R_55\"": 0.9698000412286126,
    "\"R_56\"": 0.9754689754689755,
    "\"R_57\"": 0.9804164089878376,
    "\"R_58\"": 0.9840239125953412,
    "\"R_59\"": 0.9856730571016286,
    "\"R_60\"": 0.9879406307977736,
    "\"R_61\"": 0.9903112760255618,
    "\"R_62\"": 0.9915481344052772,
    "\"R_63\"": 0.9935064935064936,
    "\"R_64\"": 0.994743351886209,
    "\"R_65\"": 0.9956709956709957,
    "\"R_66\"": 0.9967017109874253,
    "\"R_67\"": 0.9976293547722119,
    "\"R_68\"": 0.9985569985569985,
    "\"R_69\"": 0.9985569985569985,
    "\"R_70\"": 0.9992784992784993,
    "\"R_71\"": 0.9993815708101422,
    "\"R_72\"": 0.9995877138734282,
    "\"R_73\"": 0.9996907854050712,
    "\"R_74\"": 0.9997938569367141,
    "\"R_75\"": 0.9998969284683571,
    "\"R_76\"": 1.0,
    "\"R_77\"": 1.0,
    "\"R_78\"": 1.0,
    "\"R_79\"": 1.0,
    "\"R_80\"": 1.0,
    "\"R_81\"": 1.0,
    "\"R_82\"": 1.0,
    "\"R_83\"": 1.0,
    "\"R_84\"": 1.0,
    "\"R_85\"": 1.0,
    "\"R_86\"": 1.0,
    "\"R_87\"": 1.0,
    "\"R_88\"": 1.0,
    "\"R_89\"": 1.0,
    "\"R_90\"": 1.0,
    "\"R_91\"": 1.0,
    "\"R_92\"": 1.0,
    "\"R_93\"": 1.0,
    "\"R_94\"": 1.0,
    "\"R_95\"": 1.0,
    "\"R_96\"": 1.0,
    "\"R_97\"": 1.0,
    "\"R_98\"": 1.0,
    "\"R_99\"": 1.0
  },
  "verification_type": "modes",
  "clock_cycle_bounds": [
    0,
    99
  ],
  "noc_model_file_path": "noc_model.modest",
  "raw_modest_output_path": "modest_output.txt"
}