{
  "noc_parameters": {
    "size": [
      2,
      2
    ],
    "buffer_size": 4,
    "activity_thresh": 3,
    "injection_rate_numerator": 3,
    "injection_rate_denominator": 10,
    "resistive_noise_threshold": 1,
    "inductive_noise_threshold": 1
  },
  "modest_command": "modest <model_file> --unsafe --max-run-length 0 -D --rng MersenneTwister -E RESISTIVE_NOISE_THRESH=1, INDUCTIVE_NOISE_THRESH=1",
  "verification_time_sec": 145.56239938735962,
  "properties": {
    "\"I_0\"": 0.0,
    "\"I_10\"": 0.06957328385899815,
    "\"I_20\"": 0.13615749330035043,
    "\"I_30\"": 0.19851576994434136,
    "\"I_40\"": 0.2552051123479695,
    "\"I_50\"": 0.30694702123273554,
    "\"I_60\"": 0.3541537827252113,
    "\"I_70\"": 0.39754689754689754,
    "\"I_80\"": 0.43558029272314985,
    "\"I_90\"": 0.474025974025974,
    "\"I_100\"": 0.5158730158730159,
    "\"I_110\"": 0.5498866213151927,
    "\"I_120\"": 0.5833848690991548,
    "\"I_130\"": 0.6108018965161822,
    "\"I_140\"": 0.6378066378066378,
    "\"I_150\"": 0.663059163059163,
    "\"I_160\"": 0.6848072562358276,
    "\"I_170\"": 0.7085137085137085,
    "\"I_180\"": 0.7289218717790147,
    "\"I_190\"": 0.7464440321583179,
    "\"I_200\"": 0.76427540713255,
    "\"I_210\"": 0.779839208410637,
    "\"I_220\"": 0.7942692228406514,
    "\"I_230\"": 0.8103483817769532,
    "\"I_240\"": 0.8240568954854669,
    "\"I_250\"": 0.8358070500927643,
    "\"I_260\"": 0.8469387755102041,
    "\"I_270\"": 0.8591012162440734,
    "\"I_280\"": 0.8688930117501547,
    "\"I_290\"": 0.8770356627499485,
    "\"I_300\"": 0.8851783137497423,
    "\"I_310\"": 0.893836322407751,
    "\"I_320\"": 0.9008451865594723,
    "\"I_330\"": 0.9087816944959802,
    "\"I_340\"": 0.9143475572047001,
    "\"I_350\"": 0.9206349206349206,
    "\"I_360\"": 0.9267161410018553,
    "\"I_370\"": 0.9312512883941455,
    "\"I_380\"": 0.935374149659864,
    "\"I_390\"": 0.9411461554318697,
    "\"I_400\"": 0.9458874458874459,
    "\"I_410\"": 0.9495980210265924,
    "\"I_420\"": 0.953514739229025,
    "\"I_430\"": 0.9569160997732427,
    "\"I_440\"": 0.9594928880643167,
    "\"I_450\"": 0.9625850340136054,
    "\"I_460\"": 0.9645433931148217,
    "\"I_470\"": 0.9678416821273964,
    "\"I_480\"": 0.9709338280766853,
    "\"I_490\"": 0.9736136878994022,
    "\"I_500\"": 0.974335188620903,
    "\"I_510\"": 0.9763966192537621,
    "\"I_520\"": 0.9776334776334776,
    "\"I_530\"": 0.979179550608122,
    "\"I_540\"": 0.9808286951144094,
    "\"I_550\"": 0.9823747680890538,
    "\"I_560\"": 0.9835085549371264,
    "\"I_570\"": 0.9842300556586271,
    "\"I_580\"": 0.9856730571016286,
    "\"I_590\"": 0.9864976293547723,
    "\"I_600\"": 0.9872191300762729,
    "\"I_610\"": 0.9881467738610595,
    "\"I_620\"": 0.9892805607091322,
    "\"I_630\"": 0.9903112760255618,
    "\"I_640\"": 0.9910327767470625,
    "\"I_650\"": 0.9916512059369202,
    "\"I_660\"": 0.9920634920634921,
    "\"I_670\"": 0.9928880643166358,
    "\"I_680\"": 0.9934034219748505,
    "\"I_690\"": 0.9939187796330653,
    "\"I_700\"": 0.9941249226963512,
    "\"I_710\"": 0.9945372088229231,
    "\"I_720\"": 0.9946402803545661,
    "\"I_730\"": 0.9949494949494949,
    "\"I_740\"": 0.9954648526077098,
    "\"I_750\"": 0.9957740672026386,
    "\"I_760\"": 0.9960832817975676,
    "\"I_770\"": 0.9962894248608535,
    "\"I_780\"": 0.9964955679241394,
    "\"I_790\"": 0.9968047825190682,
    "\"I_800\"": 0.9972170686456401,
    "\"I_810\"": 0.9977324263038548,
    "\"I_820\"": 0.9979385693671408,
    "\"I_830\"": 0.9980416408987838,
    "\"I_840\"": 0.9982477839620697,
    "\"I_850\"": 0.9984539270253556,
    "\"I_860\"": 0.9985569985569985,
    "\"I_870\"": 0.9986600700886415,
    "\"I_880\"": 0.9987631416202845,
    "\"I_890\"": 0.9988662131519275,
    "\"I_900\"": 0.9988662131519275,
    "\"I_910\"": 0.9988662131519275,
    "\"I_920\"": 0.9989692846835704,
    "\"I_930\"": 0.9991754277468563,
    "\"I_940\"": 0.9991754277468563,
    "\"I_950\"": 0.9992784992784993,
    "\"I_960\"": 0.9993815708101422,
    "\"I_970\"": 0.9993815708101422,
    "\"I_980\"": 0.9993815708101422,
    "\"I_990\"": 0.9993815708101422
  },
  "verification_type": "modes",
  "clock_cycle_bounds": [
    0,
    990
  ],
  "noc_model_file_path": "noc_model.modest",
  "raw_modest_output_path": "modest_output.txt"
}