{
  "noc_parameters": {
    "size": [
      3,
      3
    ],
    "buffer_size": 4,
    "activity_thresh": 2,
    "injection_rate_numerator": 3,
    "injection_rate_denominator": 10,
    "resistive_noise_threshold": null,
    "inductive_noise_threshold": null
  },
  "modest_command": "modest <model_file> --unsafe --max-run-length 0 -D --rng MersenneTwister -E ACTIVITY_THRESH=2",
  "verification_time_sec": 10.425276279449463,
  "properties": {
    "r0_R_2000": 0.9850546279117708,
    "r1_R_2000": 0.9998969284683571,
    "r2_R_2000": 0.9855699855699855,
    "r3_R_2000": 0.9998969284683571,
    "r4_R_2000": 1.0,
    "r5_R_2000": 0.9998969284683571,
    "r6_R_2000": 0.9869099154813441,
    "r7_R_2000": 1.0,
    "r8_R_2000": 0.9846423417851989
  },
  "verification_type": "modes",
  "clock_cycle_bounds": [
    2000,
    2000
  ],
  "noc_model_file_path": "noc_model.modest",
  "raw_modest_output_path": "modest_output.txt"
}