{
  "noc_parameters": {
    "size": [
      2,
      2
    ],
    "buffer_size": 4,
    "activity_thresh": 3,
    "injection_rate_numerator": 3,
    "injection_rate_denominator": 10,
    "resistive_noise_threshold": 5,
    "inductive_noise_threshold": 1
  },
  "modest_command": "modest <model_file> --unsafe --max-run-length 0 -D --rng MersenneTwister -E RESISTIVE_NOISE_THRESH=5, INDUCTIVE_NOISE_THRESH=1",
  "verification_time_sec": 62.93182301521301,
  "properties": {
    "R_0": 0.0,
    "R_1": 0.0,
    "R_2": 0.0,
    "R_3": 0.0,
    "R_4": 0.0,
    "R_5": 0.0,
    "R_6": 0.0,
    "R_7": 0.0,
    "R_8": 0.0,
    "R_9": 0.0,
    "R_10": 0.0,
    "R_11": 0.0021645021645021645,
    "R_12": 0.013193156050298907,
    "R_13": 0.016182230467944755,
    "R_14": 0.016182230467944755,
    "R_15": 0.016182230467944755,
    "R_16": 0.016182230467944755,
    "R_17": 0.016182230467944755,
    "R_18": 0.016182230467944755,
    "R_19": 0.016182230467944755,
    "R_20": 0.016182230467944755,
    "R_21": 0.03298289012574727,
    "R_22": 0.08008658008658008,
    "R_23": 0.08822923108637394,
    "R_24": 0.08822923108637394,
    "R_25": 0.08822923108637394,
    "R_26": 0.08822923108637394,
    "R_27": 0.08822923108637394,
    "R_28": 0.08822923108637394,
    "R_29": 0.08822923108637394,
    "R_30": 0.08822923108637394,
    "R_31": 0.1277056277056277,
    "R_32": 0.20902906617192332,
    "R_33": 0.220263863121006,
    "R_34": 0.220263863121006,
    "R_35": 0.220263863121006,
    "R_36": 0.220263863121006,
    "R_37": 0.220263863121006,
    "R_38": 0.220263863121006,
    "R_39": 0.220263863121006,
    "R_40": 0.220263863121006,
    "R_41": 0.2800453514739229,
    "R_42": 0.37157287157287155,
    "R_43": 0.38620902906617194,
    "R_44": 0.38620902906617194,
    "R_45": 0.38620902906617194,
    "R_46": 0.38620902906617194,
    "R_47": 0.38620902906617194,
    "R_48": 0.38620902906617194,
    "R_49": 0.38620902906617194,
    "R_50": 0.38620902906617194,
    "R_51": 0.44629973201401774,
    "R_52": 0.5323644609358895,
    "R_53": 0.546485260770975,
    "R_54": 0.546485260770975,
    "R_55": 0.546485260770975,
    "R_56": 0.546485260770975,
    "R_57": 0.546485260770975,
    "R_58": 0.546485260770975,
    "R_59": 0.546485260770975,
    "R_60": 0.546485260770975,
    "R_61": 0.6004947433518862,
    "R_62": 0.6766646052360338,
    "R_63": 0.689033189033189,
    "R_64": 0.689033189033189,
    "R_65": 0.689033189033189,
    "R_66": 0.689033189033189,
    "R_67": 0.689033189033189,
    "R_68": 0.689033189033189,
    "R_69": 0.689033189033189,
    "R_70": 0.689033189033189,
    "R_71": 0.7322201607915894,
    "R_72": 0.79004329004329,
    "R_73": 0.7975675118532262,
    "R_74": 0.7975675118532262,
    "R_75": 0.7975675118532262,
    "R_76": 0.7975675118532262,
    "R_77": 0.7975675118532262,
    "R_78": 0.7975675118532262,
    "R_79": 0.7975675118532262,
    "R_80": 0.7975675118532262,
    "R_81": 0.8295196866625438,
    "R_82": 0.8656977942692229,
    "R_83": 0.8710575139146568,
    "R_84": 0.8710575139146568,
    "R_85": 0.8710575139146568,
    "R_86": 0.8710575139146568,
    "R_87": 0.8710575139146568,
    "R_88": 0.8710575139146568,
    "R_89": 0.8710575139146568,
    "R_90": 0.8710575139146568,
    "R_91": 0.891156462585034,
    "R_92": 0.9179550608122037,
    "R_93": 0.9210472067614924,
    "R_94": 0.9210472067614924,
    "R_95": 0.9210472067614924,
    "R_96": 0.9210472067614924,
    "R_97": 0.9210472067614924,
    "R_98": 0.9210472067614924,
    "R_99": 0.9210472067614924,
    "R_100": 0.9210472067614924
  },
  "verification_type": "modes",
  "clock_cycle_bounds": [
    0,
    100
  ],
  "noc_model_file_path": "noc_model.modest",
  "raw_modest_output_path": "modest_output.txt"
}