{
  "noc_parameters": {
    "size": [
      2,
      2
    ],
    "buffer_size": 4,
    "activity_thresh": 3,
    "injection_rate_numerator": 3,
    "injection_rate_denominator": 10,
    "resistive_noise_threshold": null,
    "inductive_noise_threshold": null
  },
  "modest_command": "modest <model_file> --max-run-length 0 -D --rng MersenneTwister -E ACTIVITY_THRESH=3,NOC_MESH_WIDTH=2,NOC_MESH_HEIGHT=2",
  "verification_time_sec": 1078.9996256828308,
  "properties": {
    "r0_I_400": 0.026386312100597813,
    "r0_I_402": 0.026386312100597813,
    "r0_I_404": 0.026386312100597813,
    "r0_I_406": 0.026386312100597813,
    "r0_I_408": 0.026386312100597813,
    "r0_I_410": 0.026386312100597813,
    "r0_I_412": 0.026386312100597813,
    "r0_I_414": 0.026695526695526696,
    "r0_I_416": 0.03370439084724799,
    "r0_I_418": 0.037311894454751596,
    "r0_I_420": 0.037311894454751596,
    "r0_I_422": 0.0378272521129664,
    "r0_I_424": 0.03896103896103896,
    "r0_I_426": 0.04339311482168625,
    "r0_I_428": 0.050195835910121625,
    "r0_I_430": 0.05225726654298083,
    "r0_I_432": 0.05246340960626675,
    "r0_I_434": 0.05246340960626675,
    "r0_I_436": 0.05246340960626675,
    "r0_I_438": 0.05246340960626675,
    "r0_I_440": 0.05246340960626675,
    "r0_I_442": 0.05246340960626675,
    "r0_I_444": 0.05246340960626675,
    "r0_I_446": 0.05246340960626675,
    "r0_I_448": 0.05246340960626675,
    "r0_I_450": 0.05246340960626675,
    "r0_I_452": 0.05246340960626675,
    "r0_I_454": 0.05246340960626675,
    "r0_I_456": 0.05246340960626675,
    "r0_I_458": 0.05246340960626675,
    "r0_I_460": 0.05246340960626675,
    "r0_I_462": 0.05246340960626675,
    "r0_I_464": 0.05246340960626675,
    "r0_I_466": 0.05246340960626675,
    "r0_I_468": 0.05246340960626675,
    "r0_I_470": 0.05246340960626675,
    "r0_I_472": 0.05246340960626675,
    "r0_I_474": 0.05246340960626675,
    "r0_I_476": 0.05246340960626675,
    "r0_I_478": 0.05246340960626675,
    "r0_I_480": 0.05246340960626675,
    "r0_I_482": 0.05246340960626675,
    "r0_I_484": 0.05246340960626675,
    "r0_I_486": 0.05246340960626675,
    "r0_I_488": 0.05246340960626675,
    "r0_I_490": 0.05246340960626675,
    "r0_I_492": 0.05246340960626675,
    "r0_I_494": 0.05246340960626675,
    "r0_I_496": 0.05246340960626675,
    "r0_I_498": 0.05246340960626675,
    "r0_I_500": 0.05246340960626675,
    "r1_I_400": 0.02855081426509998,
    "r1_I_402": 0.02855081426509998,
    "r1_I_404": 0.02855081426509998,
    "r1_I_406": 0.02855081426509998,
    "r1_I_408": 0.02855081426509998,
    "r1_I_410": 0.02855081426509998,
    "r1_I_412": 0.02855081426509998,
    "r1_I_414": 0.02865388579674294,
    "r1_I_416": 0.03452896310039167,
    "r1_I_418": 0.03793032364460936,
    "r1_I_420": 0.03793032364460936,
    "r1_I_422": 0.038033395176252316,
    "r1_I_424": 0.03947639661925376,
    "r1_I_426": 0.04359925788497217,
    "r1_I_428": 0.04937126365697794,
    "r1_I_430": 0.051638837353123065,
    "r1_I_432": 0.05174190888476603,
    "r1_I_434": 0.05174190888476603,
    "r1_I_436": 0.05174190888476603,
    "r1_I_438": 0.05174190888476603,
    "r1_I_440": 0.05174190888476603,
    "r1_I_442": 0.05174190888476603,
    "r1_I_444": 0.05174190888476603,
    "r1_I_446": 0.05174190888476603,
    "r1_I_448": 0.05174190888476603,
    "r1_I_450": 0.05174190888476603,
    "r1_I_452": 0.05174190888476603,
    "r1_I_454": 0.05174190888476603,
    "r1_I_456": 0.05174190888476603,
    "r1_I_458": 0.05174190888476603,
    "r1_I_460": 0.05174190888476603,
    "r1_I_462": 0.05174190888476603,
    "r1_I_464": 0.05174190888476603,
    "r1_I_466": 0.05174190888476603,
    "r1_I_468": 0.05174190888476603,
    "r1_I_470": 0.05174190888476603,
    "r1_I_472": 0.05174190888476603,
    "r1_I_474": 0.05174190888476603,
    "r1_I_476": 0.05174190888476603,
    "r1_I_478": 0.05174190888476603,
    "r1_I_480": 0.05174190888476603,
    "r1_I_482": 0.05174190888476603,
    "r1_I_484": 0.05174190888476603,
    "r1_I_486": 0.05174190888476603,
    "r1_I_488": 0.05174190888476603,
    "r1_I_490": 0.05174190888476603,
    "r1_I_492": 0.05174190888476603,
    "r1_I_494": 0.05174190888476603,
    "r1_I_496": 0.05174190888476603,
    "r1_I_498": 0.05174190888476603,
    "r1_I_500": 0.05174190888476603,
    "r2_I_400": 0.02958152958152958,
    "r2_I_402": 0.02958152958152958,
    "r2_I_404": 0.02958152958152958,
    "r2_I_406": 0.02958152958152958,
    "r2_I_408": 0.02958152958152958,
    "r2_I_410": 0.02958152958152958,
    "r2_I_412": 0.02958152958152958,
    "r2_I_414": 0.029890744176458463,
    "r2_I_416": 0.03720882292310864,
    "r2_I_418": 0.04019789734075448,
    "r2_I_420": 0.04019789734075448,
    "r2_I_422": 0.04050711193568336,
    "r2_I_424": 0.041640898783755924,
    "r2_I_426": 0.04710368996083282,
    "r2_I_428": 0.05225726654298083,
    "r2_I_430": 0.054318697175840036,
    "r2_I_432": 0.054627911770768915,
    "r2_I_434": 0.054627911770768915,
    "r2_I_436": 0.054627911770768915,
    "r2_I_438": 0.054627911770768915,
    "r2_I_440": 0.054627911770768915,
    "r2_I_442": 0.054627911770768915,
    "r2_I_444": 0.054627911770768915,
    "r2_I_446": 0.054627911770768915,
    "r2_I_448": 0.054627911770768915,
    "r2_I_450": 0.054627911770768915,
    "r2_I_452": 0.054627911770768915,
    "r2_I_454": 0.054627911770768915,
    "r2_I_456": 0.054627911770768915,
    "r2_I_458": 0.054627911770768915,
    "r2_I_460": 0.054627911770768915,
    "r2_I_462": 0.054627911770768915,
    "r2_I_464": 0.054627911770768915,
    "r2_I_466": 0.054627911770768915,
    "r2_I_468": 0.054627911770768915,
    "r2_I_470": 0.054627911770768915,
    "r2_I_472": 0.054627911770768915,
    "r2_I_474": 0.054627911770768915,
    "r2_I_476": 0.054627911770768915,
    "r2_I_478": 0.054627911770768915,
    "r2_I_480": 0.054627911770768915,
    "r2_I_482": 0.054627911770768915,
    "r2_I_484": 0.054627911770768915,
    "r2_I_486": 0.054627911770768915,
    "r2_I_488": 0.054627911770768915,
    "r2_I_490": 0.054627911770768915,
    "r2_I_492": 0.054627911770768915,
    "r2_I_494": 0.054627911770768915,
    "r2_I_496": 0.054627911770768915,
    "r2_I_498": 0.054627911770768915,
    "r2_I_500": 0.054627911770768915,
    "r3_I_400": 0.026592455163883734,
    "r3_I_402": 0.026592455163883734,
    "r3_I_404": 0.026592455163883734,
    "r3_I_406": 0.026592455163883734,
    "r3_I_408": 0.026592455163883734,
    "r3_I_410": 0.026592455163883734,
    "r3_I_412": 0.026592455163883734,
    "r3_I_414": 0.026695526695526696,
    "r3_I_416": 0.03329210472067615,
    "r3_I_418": 0.0367965367965368,
    "r3_I_420": 0.0367965367965368,
    "r3_I_422": 0.03710575139146568,
    "r3_I_424": 0.03844568130282416,
    "r3_I_426": 0.042053184910327765,
    "r3_I_428": 0.04864976293547722,
    "r3_I_430": 0.050505050505050504,
    "r3_I_432": 0.05081426509997938,
    "r3_I_434": 0.05081426509997938,
    "r3_I_436": 0.05081426509997938,
    "r3_I_438": 0.05081426509997938,
    "r3_I_440": 0.05081426509997938,
    "r3_I_442": 0.05081426509997938,
    "r3_I_444": 0.05081426509997938,
    "r3_I_446": 0.05081426509997938,
    "r3_I_448": 0.05081426509997938,
    "r3_I_450": 0.05081426509997938,
    "r3_I_452": 0.05081426509997938,
    "r3_I_454": 0.05081426509997938,
    "r3_I_456": 0.05081426509997938,
    "r3_I_458": 0.05081426509997938,
    "r3_I_460": 0.05081426509997938,
    "r3_I_462": 0.05081426509997938,
    "r3_I_464": 0.05081426509997938,
    "r3_I_466": 0.05081426509997938,
    "r3_I_468": 0.05081426509997938,
    "r3_I_470": 0.05081426509997938,
    "r3_I_472": 0.05081426509997938,
    "r3_I_474": 0.05081426509997938,
    "r3_I_476": 0.05081426509997938,
    "r3_I_478": 0.05081426509997938,
    "r3_I_480": 0.05081426509997938,
    "r3_I_482": 0.05081426509997938,
    "r3_I_484": 0.05081426509997938,
    "r3_I_486": 0.05081426509997938,
    "r3_I_488": 0.05081426509997938,
    "r3_I_490": 0.05081426509997938,
    "r3_I_492": 0.05081426509997938,
    "r3_I_494": 0.05081426509997938,