{
  "noc_parameters": {
    "size": [
      2,
      2
    ],
    "buffer_size": 4,
    "activity_thresh": 3,
    "injection_rate_numerator": 3,
    "injection_rate_denominator": 10,
    "resistive_noise_threshold": 5,
    "inductive_noise_threshold": 1
  },
  "modest_command": "modest <model_file> --unsafe --max-run-length 0 -D --rng MersenneTwister -E RESISTIVE_THRESH=5, INDUCTIVE_THRESH=1",
  "verification_time_sec": 8.527413606643677,
  "properties": {
    "\"R_0\"": 0.0,
    "\"R_1\"": 0.0,
    "\"R_2\"": 0.0,
    "\"R_3\"": 0.0055658627087198514,
    "\"R_4\"": 0.025767882910740055,
    "\"R_5\"": 0.06328592042877758,
    "\"R_6\"": 0.12894248608534323,
    "\"R_7\"": 0.21387342815914245,
    "\"R_8\"": 0.31034838177695323,
    "\"R_9\"": 0.41898577612863325,
    "\"R_10\"": 0.5219542362399505,
    "\"R_11\"": 0.6182230467944754,
    "\"R_12\"": 0.6959389816532674,
    "\"R_13\"": 0.76149247577819,
    "\"R_14\"": 0.8179756751185323,
    "\"R_15\"": 0.8616780045351474,
    "\"R_16\"": 0.8968253968253969,
    "\"R_17\"": 0.9253762110904968,
    "\"R_18\"": 0.9448567305710163,
    "\"R_19\"": 0.9580498866213152,
    "\"R_20\"": 0.9695938981653267,
    "\"R_21\"": 0.9784580498866213,
    "\"R_22\"": 0.9840239125953412,
    "\"R_23\"": 0.989692846835704,
    "\"R_24\"": 0.9933003504432076,
    "\"R_25\"": 0.9951556380127808,
    "\"R_26\"": 0.9965986394557823,
    "\"R_27\"": 0.9983508554937126,
    "\"R_28\"": 0.9989692846835704,
    "\"R_29\"": 0.9992784992784993,
    "\"R_30\"": 0.9993815708101422,
    "\"R_31\"": 0.9995877138734282,
    "\"R_32\"": 0.9996907854050712,
    "\"R_33\"": 0.9998969284683571,
    "\"R_34\"": 0.9998969284683571,
    "\"R_35\"": 0.9998969284683571,
    "\"R_36\"": 0.9998969284683571,
    "\"R_37\"": 0.9998969284683571,
    "\"R_38\"": 1.0,
    "\"R_39\"": 1.0,
    "\"R_40\"": 1.0,
    "\"R_41\"": 1.0,
    "\"R_42\"": 1.0,
    "\"R_43\"": 1.0,
    "\"R_44\"": 1.0,
    "\"R_45\"": 1.0,
    "\"R_46\"": 1.0,
    "\"R_47\"": 1.0,
    "\"R_48\"": 1.0,
    "\"R_49\"": 1.0,
    "\"R_50\"": 1.0,
    "\"R_51\"": 1.0,
    "\"R_52\"": 1.0,
    "\"R_53\"": 1.0,
    "\"R_54\"": 1.0,
    "\"R_55\"": 1.0,
    "\"R_56\"": 1.0,
    "\"R_57\"": 1.0,
    "\"R_58\"": 1.0,
    "\"R_59\"": 1.0,
    "\"R_60\"": 1.0,
    "\"R_61\"": 1.0,
    "\"R_62\"": 1.0,
    "\"R_63\"": 1.0,
    "\"R_64\"": 1.0,
    "\"R_65\"": 1.0,
    "\"R_66\"": 1.0,
    "\"R_67\"": 1.0,
    "\"R_68\"": 1.0,
    "\"R_69\"": 1.0,
    "\"R_70\"": 1.0,
    "\"R_71\"": 1.0,
    "\"R_72\"": 1.0,
    "\"R_73\"": 1.0,
    "\"R_74\"": 1.0,
    "\"R_75\"": 1.0,
    "\"R_76\"": 1.0,
    "\"R_77\"": 1.0,
    "\"R_78\"": 1.0,
    "\"R_79\"": 1.0,
    "\"R_80\"": 1.0,
    "\"R_81\"": 1.0,
    "\"R_82\"": 1.0,
    "\"R_83\"": 1.0,
    "\"R_84\"": 1.0,
    "\"R_85\"": 1.0,
    "\"R_86\"": 1.0,
    "\"R_87\"": 1.0,
    "\"R_88\"": 1.0,
    "\"R_89\"": 1.0,
    "\"R_90\"": 1.0,
    "\"R_91\"": 1.0,
    "\"R_92\"": 1.0,
    "\"R_93\"": 1.0,
    "\"R_94\"": 1.0,
    "\"R_95\"": 1.0,
    "\"R_96\"": 1.0,
    "\"R_97\"": 1.0,
    "\"R_98\"": 1.0,
    "\"R_99\"": 1.0
  },
  "verification_type": "modes",
  "clock_cycle_bounds": [
    0,
    99
  ],
  "noc_model_file_path": "noc_model.modest",
  "raw_modest_output_path": "modest_output.txt"
}