{
  "noc_parameters": {
    "size": [
      2,
      2
    ],
    "buffer_size": 4,
    "activity_thresh": 3,
    "injection_rate_numerator": 3,
    "injection_rate_denominator": 10,
    "resistive_noise_threshold": 20,
    "inductive_noise_threshold": 1
  },
  "modest_command": "modest <model_file> --unsafe --max-run-length 0 -D --rng MersenneTwister -E RESISTIVE_THRESH=20, INDUCTIVE_THRESH=1",
  "verification_time_sec": 68.00613832473755,
  "properties": {
    "\"R_100\"": 0.00010307153164296021,
    "\"R_101\"": 0.00020614306328592042,
    "\"R_102\"": 0.00041228612657184083,
    "\"R_103\"": 0.0005153576582148011,
    "\"R_104\"": 0.0005153576582148011,
    "\"R_105\"": 0.0005153576582148011,
    "\"R_106\"": 0.0005153576582148011,
    "\"R_107\"": 0.0005153576582148011,
    "\"R_108\"": 0.0005153576582148011,
    "\"R_109\"": 0.0005153576582148011,
    "\"R_110\"": 0.0005153576582148011,
    "\"R_111\"": 0.0007215007215007215,
    "\"R_112\"": 0.0013399299113584827,
    "\"R_113\"": 0.0013399299113584827,
    "\"R_114\"": 0.0013399299113584827,
    "\"R_115\"": 0.0013399299113584827,
    "\"R_116\"": 0.0013399299113584827,
    "\"R_117\"": 0.0013399299113584827,
    "\"R_118\"": 0.0013399299113584827,
    "\"R_119\"": 0.0013399299113584827,
    "\"R_120\"": 0.0013399299113584827,
    "\"R_121\"": 0.0022675736961451248,
    "\"R_122\"": 0.004432075860647289,
    "\"R_123\"": 0.00474129045557617,
    "\"R_124\"": 0.00474129045557617,
    "\"R_125\"": 0.00474129045557617,
    "\"R_126\"": 0.00474129045557617,
    "\"R_127\"": 0.00474129045557617,
    "\"R_128\"": 0.00474129045557617,
    "\"R_129\"": 0.00474129045557617,
    "\"R_130\"": 0.00474129045557617,
    "\"R_131\"": 0.006390434961863534,
    "\"R_132\"": 0.010101010101010102,
    "\"R_133\"": 0.010513296227581941,
    "\"R_134\"": 0.010513296227581941,
    "\"R_135\"": 0.010513296227581941,
    "\"R_136\"": 0.010513296227581941,
    "\"R_137\"": 0.010513296227581941,
    "\"R_138\"": 0.010513296227581941,
    "\"R_139\"": 0.010513296227581941,
    "\"R_140\"": 0.010513296227581941,
    "\"R_141\"": 0.013090084518655946,
    "\"R_142\"": 0.019789734075448363,
    "\"R_143\"": 0.021129663986806844,
    "\"R_144\"": 0.021129663986806844,
    "\"R_145\"": 0.021129663986806844,
    "\"R_146\"": 0.021129663986806844,
    "\"R_147\"": 0.021129663986806844,
    "\"R_148\"": 0.021129663986806844,
    "\"R_149\"": 0.021129663986806844,
    "\"R_150\"": 0.021129663986806844,
    "\"R_151\"": 0.025664811379097093,
    "\"R_152\"": 0.03607503607503607,
    "\"R_153\"": 0.03741496598639456,
    "\"R_154\"": 0.03741496598639456,
    "\"R_155\"": 0.03741496598639456,
    "\"R_156\"": 0.03741496598639456,
    "\"R_157\"": 0.03741496598639456,
    "\"R_158\"": 0.03741496598639456,
    "\"R_159\"": 0.03741496598639456,
    "\"R_160\"": 0.03741496598639456,
    "\"R_161\"": 0.04596990311276026,
    "\"R_162\"": 0.06307977736549165,
    "\"R_163\"": 0.06503813646670789,
    "\"R_164\"": 0.06503813646670789,
    "\"R_165\"": 0.06503813646670789,
    "\"R_166\"": 0.06503813646670789,
    "\"R_167\"": 0.06503813646670789,
    "\"R_168\"": 0.06503813646670789,
    "\"R_169\"": 0.06503813646670789,
    "\"R_170\"": 0.06503813646670789,
    "\"R_171\"": 0.07596371882086168,
    "\"R_172\"": 0.09606266749123892,
    "\"R_173\"": 0.0999793856936714,
    "\"R_174\"": 0.0999793856936714,
    "\"R_175\"": 0.0999793856936714,
    "\"R_176\"": 0.0999793856936714,
    "\"R_177\"": 0.0999793856936714,
    "\"R_178\"": 0.0999793856936714,
    "\"R_179\"": 0.0999793856936714,
    "\"R_180\"": 0.0999793856936714,
    "\"R_181\"": 0.11348175633889919,
    "\"R_182\"": 0.14028035456606885,
    "\"R_183\"": 0.14440321583178725,
    "\"R_184\"": 0.14440321583178725,
    "\"R_185\"": 0.14440321583178725,
    "\"R_186\"": 0.14440321583178725,
    "\"R_187\"": 0.14440321583178725,
    "\"R_188\"": 0.14440321583178725,
    "\"R_189\"": 0.14440321583178725,
    "\"R_190\"": 0.14440321583178725,
    "\"R_191\"": 0.1629560915275201,
    "\"R_192\"": 0.19624819624819625,
    "\"R_193\"": 0.20088641517212946,
    "\"R_194\"": 0.20088641517212946,
    "\"R_195\"": 0.20088641517212946,
    "\"R_196\"": 0.20088641517212946,
    "\"R_197\"": 0.20088641517212946,
    "\"R_198\"": 0.20088641517212946,
    "\"R_199\"": 0.20088641517212946
  },
  "verification_type": "modes",
  "clock_cycle_bounds": [
    100,
    199
  ],
  "noc_model_file_path": "noc_model.modest",
  "raw_modest_output_path": "modest_output.txt"
}