{
  "noc_parameters": {
    "size": [
      2,
      2
    ],
    "buffer_size": 4,
    "activity_thresh": 3,
    "injection_rate_numerator": 3,
    "injection_rate_denominator": 10,
    "resistive_noise_threshold": 1,
    "inductive_noise_threshold": 1
  },
  "modest_command": "modest <model_file> --unsafe --max-run-length 0 -D --rng MersenneTwister -E RESISTIVE_THRESH=1, INDUCTIVE_THRESH=1",
  "verification_time_sec": 55.5815007686615,
  "properties": {
    "R_0": 0.0,
    "R_10": 0.017522160379303237,
    "R_20": 0.0761698618841476,
    "R_30": 0.14512471655328799,
    "R_40": 0.21212121212121213,
    "R_50": 0.2727272727272727,
    "R_60": 0.334157905586477,
    "R_70": 0.3906411049268192,
    "R_80": 0.4382601525458668,
    "R_90": 0.48433312719027005,
    "R_100": 0.5266955266955267,
    "R_110": 0.5660688517831375,
    "R_120": 0.6014223871366728,
    "R_130": 0.6333745619459905,
    "R_140": 0.6650175221603793,
    "R_150": 0.6913007627293342,
    "R_160": 0.7186147186147186,
    "R_170": 0.741084312512884,
    "R_180": 0.76149247577819,
    "R_190": 0.782415996701711,
    "R_200": 0.7998350855493712,
    "R_210": 0.8151927437641724,
    "R_220": 0.8307565450422594,
    "R_230": 0.84436198721913,
    "R_240": 0.8571428571428571,
    "R_250": 0.8695114409400123,
    "R_260": 0.8800247371675943,
    "R_270": 0.8905380333951762,
    "R_280": 0.8991960420531849,
    "R_290": 0.9065141207998351,
    "R_300": 0.9128014842300557,
    "R_310": 0.9186765615337044,
    "R_320": 0.9256854256854257,
    "R_330": 0.9305297876726448,
    "R_340": 0.9360956503813647,
    "R_350": 0.9425891568748712,
    "R_360": 0.9470212327355184,
    "R_370": 0.9514533085961657,
    "R_380": 0.9548546691403834,
    "R_390": 0.958668315811173,
    "R_400": 0.9619666048237476,
    "R_410": 0.963924963924964,
    "R_420": 0.9666048237476809,
    "R_430": 0.9686662543805401,
    "R_440": 0.9717584003298289,
    "R_450": 0.974335188620903,
    "R_460": 0.9761904761904762,
    "R_470": 0.9784580498866213,
    "R_480": 0.9804164089878376,
    "R_490": 0.9815501958359101,
    "R_500": 0.9836116264687693,
    "R_510": 0.98433312719027,
    "R_520": 0.9854669140383426,
    "R_530": 0.9863945578231292,
    "R_540": 0.9876314162028448,
    "R_550": 0.9886621315192744,
    "R_560": 0.9897959183673469,
    "R_570": 0.9908266336837765,
    "R_580": 0.9916512059369202,
    "R_590": 0.9926819212533499,
    "R_600": 0.9934034219748505,
    "R_610": 0.9939187796330653,
    "R_620": 0.9942279942279942,
    "R_630": 0.994743351886209,
    "R_640": 0.9951556380127808,
    "R_650": 0.9953617810760668,
    "R_660": 0.9955679241393527,
    "R_670": 0.9961863533292105,
    "R_680": 0.9962894248608535,
    "R_690": 0.9964955679241394,
    "R_700": 0.9969078540507111,
    "R_710": 0.9976293547722119,
    "R_720": 0.9976293547722119,
    "R_730": 0.9979385693671408,
    "R_740": 0.9980416408987838,
    "R_750": 0.9981447124304267,
    "R_760": 0.9981447124304267,
    "R_770": 0.9984539270253556,
    "R_780": 0.9986600700886415,
    "R_790": 0.9989692846835704,
    "R_800": 0.9989692846835704,
    "R_810": 0.9989692846835704,
    "R_820": 0.9989692846835704,
    "R_830": 0.9992784992784993,
    "R_840": 0.9993815708101422,
    "R_850": 0.9994846423417852,
    "R_860": 0.9994846423417852,
    "R_870": 0.9996907854050712,
    "R_880": 0.9996907854050712,
    "R_890": 0.9996907854050712,
    "R_900": 0.9996907854050712,
    "R_910": 0.9996907854050712,
    "R_920": 0.9998969284683571,
    "R_930": 0.9998969284683571,
    "R_940": 0.9998969284683571,
    "R_950": 0.9998969284683571,
    "R_960": 0.9998969284683571,
    "R_970": 1.0,
    "R_980": 1.0,
    "R_990": 1.0
  },
  "verification_type": "modes",
  "clock_cycle_bounds": [
    0,
    999
  ],
  "noc_model_file_path": "noc_model.modest",
  "raw_modest_output_path": "modest_output.txt"
}