{
  "noc_parameters": {
    "size": [
      2,
      2
    ],
    "buffer_size": 4,
    "activity_thresh": 3,
    "injection_rate_numerator": 3,
    "injection_rate_denominator": 10,
    "resistive_noise_threshold": 10,
    "inductive_noise_threshold": 1
  },
  "modest_command": "modest <model_file> --unsafe --max-run-length 0 -D --rng MersenneTwister -E RESISTIVE_THRESH=10, INDUCTIVE_THRESH=1",
  "verification_time_sec": 46.252241373062134,
  "properties": {
    "\"R_200\"": 0.9721706864564007,
    "\"R_201\"": 0.9762935477221192,
    "\"R_202\"": 0.9833024118738405,
    "\"R_203\"": 0.9839208410636983,
    "\"R_204\"": 0.9839208410636983,
    "\"R_205\"": 0.9839208410636983,
    "\"R_206\"": 0.9839208410636983,
    "\"R_207\"": 0.9839208410636983,
    "\"R_208\"": 0.9839208410636983,
    "\"R_209\"": 0.9839208410636983,
    "\"R_210\"": 0.9839208410636983,
    "\"R_211\"": 0.9864976293547723,
    "\"R_212\"": 0.9890744176458462,
    "\"R_213\"": 0.9900020614306329,
    "\"R_214\"": 0.9900020614306329,
    "\"R_215\"": 0.9900020614306329,
    "\"R_216\"": 0.9900020614306329,
    "\"R_217\"": 0.9900020614306329,
    "\"R_218\"": 0.9900020614306329,
    "\"R_219\"": 0.9900020614306329,
    "\"R_220\"": 0.9900020614306329,
    "\"R_221\"": 0.9915481344052772,
    "\"R_222\"": 0.9931972789115646,
    "\"R_223\"": 0.9933003504432076,
    "\"R_224\"": 0.9933003504432076,
    "\"R_225\"": 0.9933003504432076,
    "\"R_226\"": 0.9933003504432076,
    "\"R_227\"": 0.9933003504432076,
    "\"R_228\"": 0.9933003504432076,
    "\"R_229\"": 0.9933003504432076,
    "\"R_230\"": 0.9933003504432076,
    "\"R_231\"": 0.9945372088229231,
    "\"R_232\"": 0.9956709956709957,
    "\"R_233\"": 0.9957740672026386,
    "\"R_234\"": 0.9957740672026386,
    "\"R_235\"": 0.9957740672026386,
    "\"R_236\"": 0.9957740672026386,
    "\"R_237\"": 0.9957740672026386,
    "\"R_238\"": 0.9957740672026386,
    "\"R_239\"": 0.9957740672026386,
    "\"R_240\"": 0.9957740672026386,
    "\"R_241\"": 0.9961863533292105,
    "\"R_242\"": 0.9972170686456401,
    "\"R_243\"": 0.997423211708926,
    "\"R_244\"": 0.997423211708926,
    "\"R_245\"": 0.997423211708926,
    "\"R_246\"": 0.997423211708926,
    "\"R_247\"": 0.997423211708926,
    "\"R_248\"": 0.997423211708926,
    "\"R_249\"": 0.997423211708926,
    "\"R_250\"": 0.997423211708926,
    "\"R_251\"": 0.9978354978354979,
    "\"R_252\"": 0.9986600700886415,
    "\"R_253\"": 0.9987631416202845,
    "\"R_254\"": 0.9987631416202845,
    "\"R_255\"": 0.9987631416202845,
    "\"R_256\"": 0.9987631416202845,
    "\"R_257\"": 0.9987631416202845,
    "\"R_258\"": 0.9987631416202845,
    "\"R_259\"": 0.9987631416202845,
    "\"R_260\"": 0.9987631416202845,
    "\"R_261\"": 0.9990723562152134,
    "\"R_262\"": 0.9993815708101422,
    "\"R_263\"": 0.9994846423417852,
    "\"R_264\"": 0.9994846423417852,
    "\"R_265\"": 0.9994846423417852,
    "\"R_266\"": 0.9994846423417852,
    "\"R_267\"": 0.9994846423417852,
    "\"R_268\"": 0.9994846423417852,
    "\"R_269\"": 0.9994846423417852,
    "\"R_270\"": 0.9994846423417852,
    "\"R_271\"": 0.9994846423417852,
    "\"R_272\"": 0.9995877138734282,
    "\"R_273\"": 0.9995877138734282,
    "\"R_274\"": 0.9995877138734282,
    "\"R_275\"": 0.9995877138734282,
    "\"R_276\"": 0.9995877138734282,
    "\"R_277\"": 0.9995877138734282,
    "\"R_278\"": 0.9995877138734282,
    "\"R_279\"": 0.9995877138734282,
    "\"R_280\"": 0.9995877138734282,
    "\"R_281\"": 0.9998969284683571,
    "\"R_282\"": 1.0,
    "\"R_283\"": 1.0,
    "\"R_284\"": 1.0,
    "\"R_285\"": 1.0,
    "\"R_286\"": 1.0,
    "\"R_287\"": 1.0,
    "\"R_288\"": 1.0,
    "\"R_289\"": 1.0,
    "\"R_290\"": 1.0,
    "\"R_291\"": 1.0,
    "\"R_292\"": 1.0,
    "\"R_293\"": 1.0,
    "\"R_294\"": 1.0,
    "\"R_295\"": 1.0,
    "\"R_296\"": 1.0,
    "\"R_297\"": 1.0,
    "\"R_298\"": 1.0,
    "\"R_299\"": 1.0
  },
  "verification_type": "modes",
  "clock_cycle_bounds": [
    200,
    299
  ],
  "noc_model_file_path": "noc_model.modest",
  "raw_modest_output_path": "modest_output.txt"
}