{
  "noc_parameters": {
    "size": [
      2,
      2
    ],
    "buffer_size": 4,
    "activity_thresh": 3,
    "injection_rate_numerator": 3,
    "injection_rate_denominator": 10,
    "resistive_noise_threshold": 10,
    "inductive_noise_threshold": 1
  },
  "modest_command": "modest <model_file> --unsafe --max-run-length 0 -D --rng MersenneTwister -E RESISTIVE_NOISE_THRESH=10, INDUCTIVE_NOISE_THRESH=1",
  "verification_time_sec": 96.04352021217346,
  "properties": {
    "\"R_0\"": 0.0,
    "\"R_1\"": 0.0,
    "\"R_2\"": 0.0,
    "\"R_3\"": 0.0,
    "\"R_4\"": 0.0,
    "\"R_5\"": 0.0,
    "\"R_6\"": 0.0,
    "\"R_7\"": 0.0,
    "\"R_8\"": 0.0,
    "\"R_9\"": 0.0,
    "\"R_10\"": 0.0,
    "\"R_11\"": 0.0,
    "\"R_12\"": 0.0,
    "\"R_13\"": 0.0,
    "\"R_14\"": 0.0,
    "\"R_15\"": 0.0,
    "\"R_16\"": 0.0,
    "\"R_17\"": 0.0,
    "\"R_18\"": 0.0,
    "\"R_19\"": 0.0,
    "\"R_20\"": 0.0,
    "\"R_21\"": 0.0,
    "\"R_22\"": 0.0,
    "\"R_23\"": 0.0,
    "\"R_24\"": 0.0,
    "\"R_25\"": 0.0,
    "\"R_26\"": 0.0,
    "\"R_27\"": 0.0,
    "\"R_28\"": 0.0,
    "\"R_29\"": 0.0,
    "\"R_30\"": 0.0,
    "\"R_31\"": 0.0,
    "\"R_32\"": 0.00030921459492888067,
    "\"R_33\"": 0.00041228612657184083,
    "\"R_34\"": 0.00041228612657184083,
    "\"R_35\"": 0.00041228612657184083,
    "\"R_36\"": 0.00041228612657184083,
    "\"R_37\"": 0.00041228612657184083,
    "\"R_38\"": 0.00041228612657184083,
    "\"R_39\"": 0.00041228612657184083,
    "\"R_40\"": 0.00041228612657184083,
    "\"R_41\"": 0.0013399299113584827,
    "\"R_42\"": 0.00484436198721913,
    "\"R_43\"": 0.005462791177076891,
    "\"R_44\"": 0.005462791177076891,
    "\"R_45\"": 0.005462791177076891,
    "\"R_46\"": 0.005462791177076891,
    "\"R_47\"": 0.005462791177076891,
    "\"R_48\"": 0.005462791177076891,
    "\"R_49\"": 0.005462791177076891,
    "\"R_50\"": 0.005462791177076891,
    "\"R_51\"": 0.00927643784786642,
    "\"R_52\"": 0.019995877138734283,
    "\"R_53\"": 0.021541950113378686,
    "\"R_54\"": 0.021541950113378686,
    "\"R_55\"": 0.021541950113378686,
    "\"R_56\"": 0.021541950113378686,
    "\"R_57\"": 0.021541950113378686,
    "\"R_58\"": 0.021541950113378686,
    "\"R_59\"": 0.021541950113378686,
    "\"R_60\"": 0.021541950113378686,
    "\"R_61\"": 0.0292723149866007,
    "\"R_62\"": 0.050505050505050504,
    "\"R_63\"": 0.05452484023912595,
    "\"R_64\"": 0.05452484023912595,
    "\"R_65\"": 0.05452484023912595,
    "\"R_66\"": 0.05452484023912595,
    "\"R_67\"": 0.05452484023912595,
    "\"R_68\"": 0.05452484023912595,
    "\"R_69\"": 0.05452484023912595,
    "\"R_70\"": 0.05452484023912595,
    "\"R_71\"": 0.07153164296021439,
    "\"R_72\"": 0.10307153164296022,
    "\"R_73\"": 0.10853432282003711,
    "\"R_74\"": 0.10853432282003711,
    "\"R_75\"": 0.10853432282003711,
    "\"R_76\"": 0.10853432282003711,
    "\"R_77\"": 0.10853432282003711,
    "\"R_78\"": 0.10853432282003711,
    "\"R_79\"": 0.10853432282003711,
    "\"R_80\"": 0.10853432282003711,
    "\"R_81\"": 0.13646670789527932,
    "\"R_82\"": 0.18491032776747063,
    "\"R_83\"": 0.19264069264069264,
    "\"R_84\"": 0.19264069264069264,
    "\"R_85\"": 0.19264069264069264,
    "\"R_86\"": 0.19264069264069264,
    "\"R_87\"": 0.19264069264069264,
    "\"R_88\"": 0.19264069264069264,
    "\"R_89\"": 0.19264069264069264,
    "\"R_90\"": 0.19264069264069264,
    "\"R_91\"": 0.22933415790558648,
    "\"R_92\"": 0.29055864770150486,
    "\"R_93\"": 0.3000412286126572,
    "\"R_94\"": 0.3000412286126572,
    "\"R_95\"": 0.3000412286126572,
    "\"R_96\"": 0.3000412286126572,
    "\"R_97\"": 0.3000412286126572,
    "\"R_98\"": 0.3000412286126572,
    "\"R_99\"": 0.3000412286126572
  },
  "verification_type": "modes",
  "clock_cycle_bounds": [
    0,
    99
  ],
  "noc_model_file_path": "noc_model.modest",
  "raw_modest_output_path": "modest_output.txt"
}