{
  "noc_parameters": {
    "size": [
      2,
      2
    ],
    "buffer_size": 4,
    "activity_thresh": 3,
    "injection_rate_numerator": 3,
    "injection_rate_denominator": 10,
    "resistive_noise_threshold": 20,
    "inductive_noise_threshold": 1
  },
  "modest_command": "modest <model_file> --unsafe --max-run-length 0 -D --rng MersenneTwister -E RESISTIVE_THRESH=20, INDUCTIVE_THRESH=1",
  "verification_time_sec": 88.05782389640808,
  "properties": {
    "R_300": 0.8690991548134406,
    "R_301": 0.8800247371675943,
    "R_302": 0.9010513296227582,
    "R_303": 0.9034219748505463,
    "R_304": 0.9034219748505463,
    "R_305": 0.9034219748505463,
    "R_306": 0.9034219748505463,
    "R_307": 0.9034219748505463,
    "R_308": 0.9034219748505463,
    "R_309": 0.9034219748505463,
    "R_310": 0.9034219748505463,
    "R_311": 0.911873840445269,
    "R_312": 0.9269222840651412,
    "R_313": 0.9287775716347145,
    "R_314": 0.9287775716347145,
    "R_315": 0.9287775716347145,
    "R_316": 0.9287775716347145,
    "R_317": 0.9287775716347145,
    "R_318": 0.9287775716347145,
    "R_319": 0.9287775716347145,
    "R_320": 0.9287775716347145,
    "R_321": 0.9359925788497218,
    "R_322": 0.9446505875077303,
    "R_323": 0.9458874458874459,
    "R_324": 0.9458874458874459,
    "R_325": 0.9458874458874459,
    "R_326": 0.9458874458874459,
    "R_327": 0.9458874458874459,
    "R_328": 0.9458874458874459,
    "R_329": 0.9458874458874459,
    "R_330": 0.9458874458874459,
    "R_331": 0.9524840239125953,
    "R_332": 0.9602143887858173,
    "R_333": 0.961038961038961,
    "R_334": 0.961038961038961,
    "R_335": 0.961038961038961,
    "R_336": 0.961038961038961,
    "R_337": 0.961038961038961,
    "R_338": 0.961038961038961,
    "R_339": 0.961038961038961,
    "R_340": 0.961038961038961,
    "R_341": 0.966295609152752,
    "R_342": 0.9727891156462585,
    "R_343": 0.974129045557617,
    "R_344": 0.974129045557617,
    "R_345": 0.974129045557617,
    "R_346": 0.974129045557617,
    "R_347": 0.974129045557617,
    "R_348": 0.974129045557617,
    "R_349": 0.974129045557617,
    "R_350": 0.974129045557617,
    "R_351": 0.976911976911977,
    "R_352": 0.9806225520511235,
    "R_353": 0.9811379097093382,
    "R_354": 0.9811379097093382,
    "R_355": 0.9811379097093382,
    "R_356": 0.9811379097093382,
    "R_357": 0.9811379097093382,
    "R_358": 0.9811379097093382,
    "R_359": 0.9811379097093382,
    "R_360": 0.9811379097093382,
    "R_361": 0.9837146980004123,
    "R_362": 0.9872191300762729,
    "R_363": 0.9875283446712018,
    "R_364": 0.9875283446712018,
    "R_365": 0.9875283446712018,
    "R_366": 0.9875283446712018,
    "R_367": 0.9875283446712018,
    "R_368": 0.9875283446712018,
    "R_369": 0.9875283446712018,
    "R_370": 0.9875283446712018,
    "R_371": 0.9888682745825603,
    "R_372": 0.9912389198103484,
    "R_373": 0.9917542774685632,
    "R_374": 0.9917542774685632,
    "R_375": 0.9917542774685632,
    "R_376": 0.9917542774685632,
    "R_377": 0.9917542774685632,
    "R_378": 0.9917542774685632,
    "R_379": 0.9917542774685632,
    "R_380": 0.9917542774685632,
    "R_381": 0.9928880643166358,
    "R_382": 0.9942279942279942,
    "R_383": 0.9945372088229231,
    "R_384": 0.9945372088229231,
    "R_385": 0.9945372088229231,
    "R_386": 0.9945372088229231,
    "R_387": 0.9945372088229231,
    "R_388": 0.9945372088229231,
    "R_389": 0.9945372088229231,
    "R_390": 0.9945372088229231,
    "R_391": 0.9952587095444239,
    "R_392": 0.9961863533292105,
    "R_393": 0.9962894248608535,
    "R_394": 0.9962894248608535,
    "R_395": 0.9962894248608535,
    "R_396": 0.9962894248608535,
    "R_397": 0.9962894248608535,
    "R_398": 0.9962894248608535,
    "R_399": 0.9962894248608535
  },
  "verification_type": "modes",
  "clock_cycle_bounds": [
    300,
    399
  ],
  "noc_model_file_path": "noc_model.modest",
  "raw_modest_output_path": "modest_output.txt"
}