{
  "noc_parameters": {
    "size": [
      3,
      3
    ],
    "buffer_size": 4,
    "activity_thresh": 2,
    "injection_rate_numerator": 3,
    "injection_rate_denominator": 10,
    "resistive_noise_threshold": null,
    "inductive_noise_threshold": null
  },
  "modest_command": "modest <model_file> --unsafe --max-run-length 0 -D --rng MersenneTwister -E ACTIVITY_THRESH=2",
  "verification_time_sec": 11.65506911277771,
  "properties": {
    "r0_I_1000": 0.3427128427128427,
    "r1_I_1000": 0.7241805813234384,
    "r2_I_1000": 0.3253968253968254,
    "r3_I_1000": 0.5631828488971347,
    "r4_I_1000": 0.8795093795093795,
    "r5_I_1000": 0.5697794269222841,
    "r6_I_1000": 0.3235415378272521,
    "r7_I_1000": 0.7286126571840857,
    "r8_I_1000": 0.33199340342197486
  },
  "verification_type": "modes",
  "clock_cycle_bounds": [
    1000,
    1000
  ],
  "noc_model_file_path": "noc_model.modest",
  "raw_modest_output_path": "modest_output.txt"
}