{
  "noc_parameters": {
    "size": [
      2,
      2
    ],
    "buffer_size": 4,
    "activity_thresh": 3,
    "injection_rate_numerator": 3,
    "injection_rate_denominator": 10,
    "resistive_noise_threshold": 1,
    "inductive_noise_threshold": 5
  },
  "modest_command": "modest <model_file> --unsafe --max-run-length 0 -D --rng MersenneTwister -E RESISTIVE_THRESH=1, INDUCTIVE_THRESH=5",
  "verification_time_sec": 212.61930441856384,
  "properties": {
    "R_2000": 0.9991754277468563,
    "R_2010": 0.9991754277468563,
    "R_2020": 0.9992784992784993,
    "R_2030": 0.9992784992784993,
    "R_2040": 0.9993815708101422,
    "R_2050": 0.9993815708101422,
    "R_2060": 0.9993815708101422,
    "R_2070": 0.9993815708101422,
    "R_2080": 0.9993815708101422,
    "R_2090": 0.9993815708101422,
    "R_2100": 0.9993815708101422,
    "R_2110": 0.9993815708101422,
    "R_2120": 0.9993815708101422,
    "R_2130": 0.9993815708101422,
    "R_2140": 0.9993815708101422,
    "R_2150": 0.9993815708101422,
    "R_2160": 0.9993815708101422,
    "R_2170": 0.9993815708101422,
    "R_2180": 0.9994846423417852,
    "R_2190": 0.9994846423417852,
    "R_2200": 0.9995877138734282,
    "R_2210": 0.9995877138734282,
    "R_2220": 0.9995877138734282,
    "R_2230": 0.9995877138734282,
    "R_2240": 0.9995877138734282,
    "R_2250": 0.9995877138734282,
    "R_2260": 0.9995877138734282,
    "R_2270": 0.9995877138734282,
    "R_2280": 0.9995877138734282,
    "R_2290": 0.9996907854050712,
    "R_2300": 0.9996907854050712,
    "R_2310": 0.9996907854050712,
    "R_2320": 0.9997938569367141,
    "R_2330": 0.9997938569367141,
    "R_2340": 0.9997938569367141,
    "R_2350": 0.9997938569367141,
    "R_2360": 0.9997938569367141,
    "R_2370": 0.9997938569367141,
    "R_2380": 0.9997938569367141,
    "R_2390": 0.9997938569367141,
    "R_2400": 0.9997938569367141,
    "R_2410": 0.9997938569367141,
    "R_2420": 0.9997938569367141,
    "R_2430": 0.9997938569367141,
    "R_2440": 0.9997938569367141,
    "R_2450": 0.9997938569367141,
    "R_2460": 0.9998969284683571,
    "R_2470": 0.9998969284683571,
    "R_2480": 0.9998969284683571,
    "R_2490": 0.9998969284683571,
    "R_2500": 1.0
  },
  "verification_type": "modes",
  "clock_cycle_bounds": [
    2000,
    2500
  ],
  "noc_model_file_path": "noc_model.modest",
  "raw_modest_output_path": "modest_output.txt"
}