{
  "noc_parameters": {
    "size": [
      2,
      2
    ],
    "buffer_size": 4,
    "activity_thresh": 3,
    "injection_rate_numerator": 3,
    "injection_rate_denominator": 10,
    "resistive_noise_threshold": 1,
    "inductive_noise_threshold": 10
  },
  "modest_command": "modest <model_file> --unsafe --max-run-length 0 -D --rng MersenneTwister -E RESISTIVE_THRESH=1, INDUCTIVE_THRESH=10",
  "verification_time_sec": 420.9228711128235,
  "properties": {
    "R_3000": 0.9983508554937126,
    "R_3010": 0.9985569985569985,
    "R_3020": 0.9987631416202845,
    "R_3030": 0.9987631416202845,
    "R_3040": 0.9987631416202845,
    "R_3050": 0.9989692846835704,
    "R_3060": 0.9990723562152134,
    "R_3070": 0.9990723562152134,
    "R_3080": 0.9990723562152134,
    "R_3090": 0.9990723562152134,
    "R_3100": 0.9992784992784993,
    "R_3110": 0.9992784992784993,
    "R_3120": 0.9993815708101422,
    "R_3130": 0.9993815708101422,
    "R_3140": 0.9993815708101422,
    "R_3150": 0.9994846423417852,
    "R_3160": 0.9994846423417852,
    "R_3170": 0.9994846423417852,
    "R_3180": 0.9994846423417852,
    "R_3190": 0.9994846423417852,
    "R_3200": 0.9994846423417852,
    "R_3210": 0.9994846423417852,
    "R_3220": 0.9994846423417852,
    "R_3230": 0.9994846423417852,
    "R_3240": 0.9994846423417852,
    "R_3250": 0.9994846423417852,
    "R_3260": 0.9994846423417852,
    "R_3270": 0.9994846423417852,
    "R_3280": 0.9994846423417852,
    "R_3290": 0.9994846423417852,
    "R_3300": 0.9995877138734282,
    "R_3310": 0.9995877138734282,
    "R_3320": 0.9995877138734282,
    "R_3330": 0.9995877138734282,
    "R_3340": 0.9996907854050712,
    "R_3350": 0.9996907854050712,
    "R_3360": 0.9996907854050712,
    "R_3370": 0.9996907854050712,
    "R_3380": 0.9996907854050712,
    "R_3390": 0.9996907854050712,
    "R_3400": 0.9997938569367141,
    "R_3410": 0.9997938569367141,
    "R_3420": 0.9997938569367141,
    "R_3430": 0.9997938569367141,
    "R_3440": 0.9997938569367141,
    "R_3450": 0.9997938569367141,
    "R_3460": 0.9997938569367141,
    "R_3470": 0.9997938569367141,
    "R_3480": 0.9997938569367141,
    "R_3490": 0.9997938569367141,
    "R_3500": 0.9997938569367141
  },
  "verification_type": "modes",
  "clock_cycle_bounds": [
    3000,
    3500
  ],
  "noc_model_file_path": "noc_model.modest",
  "raw_modest_output_path": "modest_output.txt"
}