{
  "noc_parameters": {
    "size": [
      2,
      2
    ],
    "buffer_size": 4,
    "activity_thresh": 3,
    "injection_rate_numerator": 3,
    "injection_rate_denominator": 10,
    "resistive_noise_threshold": 5,
    "inductive_noise_threshold": 1
  },
  "modest_command": "modest <model_file> --unsafe --max-run-length 0 -D --rng MersenneTwister -E RESISTIVE_THRESH=5, INDUCTIVE_THRESH=1",
  "verification_time_sec": 22.351115465164185,
  "properties": {
    "\"R_0\"": 0.0,
    "\"R_1\"": 0.0,
    "\"R_2\"": 0.0,
    "\"R_3\"": 0.0,
    "\"R_4\"": 0.0,
    "\"R_5\"": 0.0,
    "\"R_6\"": 0.0,
    "\"R_7\"": 0.0,
    "\"R_8\"": 0.0,
    "\"R_9\"": 0.0,
    "\"R_10\"": 0.0,
    "\"R_11\"": 0.0015460729746444033,
    "\"R_12\"": 0.011647083075654504,
    "\"R_13\"": 0.013811585240156668,
    "\"R_14\"": 0.013811585240156668,
    "\"R_15\"": 0.013811585240156668,
    "\"R_16\"": 0.013811585240156668,
    "\"R_17\"": 0.013811585240156668,
    "\"R_18\"": 0.013811585240156668,
    "\"R_19\"": 0.013811585240156668,
    "\"R_20\"": 0.013811585240156668,
    "\"R_21\"": 0.030406101834673262,
    "\"R_22\"": 0.07761286332714905,
    "\"R_23\"": 0.08596165739022882,
    "\"R_24\"": 0.08596165739022882,
    "\"R_25\"": 0.08596165739022882,
    "\"R_26\"": 0.08596165739022882,
    "\"R_27\"": 0.08596165739022882,
    "\"R_28\"": 0.08596165739022882,
    "\"R_29\"": 0.08596165739022882,
    "\"R_30\"": 0.08596165739022882,
    "\"R_31\"": 0.1274994846423418,
    "\"R_32\"": 0.2054215625644197,
    "\"R_33\"": 0.22005772005772006,
    "\"R_34\"": 0.22005772005772006,
    "\"R_35\"": 0.22005772005772006,
    "\"R_36\"": 0.22005772005772006,
    "\"R_37\"": 0.22005772005772006,
    "\"R_38\"": 0.22005772005772006,
    "\"R_39\"": 0.22005772005772006,
    "\"R_40\"": 0.22005772005772006,
    "\"R_41\"": 0.277262420119563,
    "\"R_42\"": 0.3685837971552257,
    "\"R_43\"": 0.3821892393320965,
    "\"R_44\"": 0.3821892393320965,
    "\"R_45\"": 0.3821892393320965,
    "\"R_46\"": 0.3821892393320965,
    "\"R_47\"": 0.3821892393320965,
    "\"R_48\"": 0.3821892393320965,
    "\"R_49\"": 0.3821892393320965,
    "\"R_50\"": 0.3821892393320965,
    "\"R_51\"": 0.44465058750773034,
    "\"R_52\"": 0.5328798185941043,
    "\"R_53\"": 0.5468975468975469,
    "\"R_54\"": 0.5468975468975469,
    "\"R_55\"": 0.5468975468975469,
    "\"R_56\"": 0.5468975468975469,
    "\"R_57\"": 0.5468975468975469,
    "\"R_58\"": 0.5468975468975469,
    "\"R_59\"": 0.5468975468975469,
    "\"R_60\"": 0.5468975468975469,
    "\"R_61\"": 0.5996701710987425,
    "\"R_62\"": 0.6695526695526696,
    "\"R_63\"": 0.6827458256029685,
    "\"R_64\"": 0.6827458256029685,
    "\"R_65\"": 0.6827458256029685,
    "\"R_66\"": 0.6827458256029685,
    "\"R_67\"": 0.6827458256029685,
    "\"R_68\"": 0.6827458256029685,
    "\"R_69\"": 0.6827458256029685,
    "\"R_70\"": 0.6827458256029685,
    "\"R_71\"": 0.7262420119562977,
    "\"R_72\"": 0.7791177076891362,
    "\"R_73\"": 0.7869511440940012,
    "\"R_74\"": 0.7869511440940012,
    "\"R_75\"": 0.7869511440940012,
    "\"R_76\"": 0.7869511440940012,
    "\"R_77\"": 0.7869511440940012,
    "\"R_78\"": 0.7869511440940012,
    "\"R_79\"": 0.7869511440940012,
    "\"R_80\"": 0.7869511440940012,
    "\"R_81\"": 0.8225108225108225,
    "\"R_82\"": 0.8636363636363636,
    "\"R_83\"": 0.8701298701298701,
    "\"R_84\"": 0.8701298701298701,
    "\"R_85\"": 0.8701298701298701,
    "\"R_86\"": 0.8701298701298701,
    "\"R_87\"": 0.8701298701298701,
    "\"R_88\"": 0.8701298701298701,
    "\"R_89\"": 0.8701298701298701,
    "\"R_90\"": 0.8701298701298701,
    "\"R_91\"": 0.891156462585034,
    "\"R_92\"": 0.9205318491032777,
    "\"R_93\"": 0.9250669964955679,
    "\"R_94\"": 0.9250669964955679,
    "\"R_95\"": 0.9250669964955679,
    "\"R_96\"": 0.9250669964955679,
    "\"R_97\"": 0.9250669964955679,
    "\"R_98\"": 0.9250669964955679,
    "\"R_99\"": 0.9250669964955679
  },
  "verification_type": "modes",
  "clock_cycle_bounds": [
    0,
    99
  ],
  "noc_model_file_path": "noc_model.modest",
  "raw_modest_output_path": "modest_output.txt"
}