Clock Cycle,Probability
0,0.0
1,0.016594516594516596
2,0.9988662131519275
3,1.0
4,1.0
5,1.0
