Clock Cycle,Probability
0,0.0
1,0.018243661100803957
2,0.9991754277468563
3,1.0
4,1.0
5,1.0
