Clock Cycle,Probability
0,0.0
1,0.023809523809523808
2,0.9986600700886415
3,1.0
4,1.0
5,1.0
