Clock Cycle,Probability
0,0.0
1,0.0
2,0.5793650793650794
3,0.9998969284683571
4,1.0
5,1.0
