{
  "noc_parameters": {
    "size": [
      2,
      2
    ],
    "buffer_size": 4,
    "activity_thresh": 3,
    "injection_rate_numerator": 3,
    "injection_rate_denominator": 10,
    "resistive_noise_threshold": 10,
    "inductive_noise_threshold": 1
  },
  "modest_command": "modest <model_file> --unsafe --max-run-length 0 -D --rng MersenneTwister -E RESISTIVE_THRESH=10, INDUCTIVE_THRESH=1",
  "verification_time_sec": 11.762733697891235,
  "properties": {
    "\"R_0\"": 0.0,
    "\"R_1\"": 0.0,
    "\"R_2\"": 0.0,
    "\"R_3\"": 0.0,
    "\"R_4\"": 0.0,
    "\"R_5\"": 0.0,
    "\"R_6\"": 0.00030921459492888067,
    "\"R_7\"": 0.0009276437847866419,
    "\"R_8\"": 0.0041228612657184084,
    "\"R_9\"": 0.012162440733869306,
    "\"R_10\"": 0.026798598227169654,
    "\"R_11\"": 0.04885590599876314,
    "\"R_12\"": 0.08204493918779633,
    "\"R_13\"": 0.12760255617398475,
    "\"R_14\"": 0.18594104308390022,
    "\"R_15\"": 0.25056689342403626,
    "\"R_16\"": 0.3209647495361781,
    "\"R_17\"": 0.38816738816738816,
    "\"R_18\"": 0.4580498866213152,
    "\"R_19\"": 0.5223665223665224,
    "\"R_20\"": 0.5884353741496599,
    "\"R_21\"": 0.6517212945784374,
    "\"R_22\"": 0.7063492063492064,
    "\"R_23\"": 0.7531436817151103,
    "\"R_24\"": 0.7936507936507936,
    "\"R_25\"": 0.8344671201814059,
    "\"R_26\"": 0.8668315811172954,
    "\"R_27\"": 0.8942486085343229,
    "\"R_28\"": 0.9160997732426304,
    "\"R_29\"": 0.9334157905586477,
    "\"R_30\"": 0.9459905174190888,
    "\"R_31\"": 0.9568130282415996,
    "\"R_32\"": 0.9656771799628943,
    "\"R_33\"": 0.9725829725829725,
    "\"R_34\"": 0.9784580498866213,
    "\"R_35\"": 0.9833024118738405,
    "\"R_36\"": 0.9872191300762729,
    "\"R_37\"": 0.9910327767470625,
    "\"R_38\"": 0.9927849927849928,
    "\"R_39\"": 0.9945372088229231,
    "\"R_40\"": 0.9959802102659245,
    "\"R_41\"": 0.9967017109874253,
    "\"R_42\"": 0.997423211708926,
    "\"R_43\"": 0.9982477839620697,
    "\"R_44\"": 0.9987631416202845,
    "\"R_45\"": 0.9991754277468563,
    "\"R_46\"": 0.9993815708101422,
    "\"R_47\"": 0.9994846423417852,
    "\"R_48\"": 0.9995877138734282,
    "\"R_49\"": 0.9997938569367141,
    "\"R_50\"": 0.9997938569367141,
    "\"R_51\"": 0.9997938569367141,
    "\"R_52\"": 0.9998969284683571,
    "\"R_53\"": 1.0,
    "\"R_54\"": 1.0,
    "\"R_55\"": 1.0,
    "\"R_56\"": 1.0,
    "\"R_57\"": 1.0,
    "\"R_58\"": 1.0,
    "\"R_59\"": 1.0,
    "\"R_60\"": 1.0,
    "\"R_61\"": 1.0,
    "\"R_62\"": 1.0,
    "\"R_63\"": 1.0,
    "\"R_64\"": 1.0,
    "\"R_65\"": 1.0,
    "\"R_66\"": 1.0,
    "\"R_67\"": 1.0,
    "\"R_68\"": 1.0,
    "\"R_69\"": 1.0,
    "\"R_70\"": 1.0,
    "\"R_71\"": 1.0,
    "\"R_72\"": 1.0,
    "\"R_73\"": 1.0,
    "\"R_74\"": 1.0,
    "\"R_75\"": 1.0,
    "\"R_76\"": 1.0,
    "\"R_77\"": 1.0,
    "\"R_78\"": 1.0,
    "\"R_79\"": 1.0,
    "\"R_80\"": 1.0,
    "\"R_81\"": 1.0,
    "\"R_82\"": 1.0,
    "\"R_83\"": 1.0,
    "\"R_84\"": 1.0,
    "\"R_85\"": 1.0,
    "\"R_86\"": 1.0,
    "\"R_87\"": 1.0,
    "\"R_88\"": 1.0,
    "\"R_89\"": 1.0,
    "\"R_90\"": 1.0,
    "\"R_91\"": 1.0,
    "\"R_92\"": 1.0,
    "\"R_93\"": 1.0,
    "\"R_94\"": 1.0,
    "\"R_95\"": 1.0,
    "\"R_96\"": 1.0,
    "\"R_97\"": 1.0,
    "\"R_98\"": 1.0,
    "\"R_99\"": 1.0
  },
  "verification_type": "modes",
  "clock_cycle_bounds": [
    0,
    99
  ],
  "noc_model_file_path": "noc_model.modest",
  "raw_modest_output_path": "modest_output.txt"
}