{
  "noc_parameters": {
    "size": [
      3,
      3
    ],
    "buffer_size": 4,
    "activity_thresh": 2,
    "injection_rate_numerator": 3,
    "injection_rate_denominator": 10,
    "resistive_noise_threshold": null,
    "inductive_noise_threshold": null
  },
  "modest_command": "modest <model_file> --unsafe --max-run-length 0 -D --rng MersenneTwister -E ACTIVITY_THRESH=2",
  "verification_time_sec": 5.5925750732421875,
  "properties": {
    "r0_R_1000": 0.8872397443826016,
    "r1_R_1000": 0.9986600700886415,
    "r2_R_1000": 0.8875489589775304,
    "r3_R_1000": 0.9847454133168418,
    "r4_R_1000": 1.0,
    "r5_R_1000": 0.9847454133168418,
    "r6_R_1000": 0.8851783137497423,
    "r7_R_1000": 0.9983508554937126,
    "r8_R_1000": 0.8872397443826016
  },
  "verification_type": "modes",
  "clock_cycle_bounds": [
    1000,
    1000
  ],
  "noc_model_file_path": "noc_model.modest",
  "raw_modest_output_path": "modest_output.txt"
}