{
  "noc_parameters": {
    "size": [
      2,
      2
    ],
    "buffer_size": 4,
    "activity_thresh": 3,
    "injection_rate_numerator": 3,
    "injection_rate_denominator": 10,
    "resistive_noise_threshold": 1,
    "inductive_noise_threshold": 5
  },
  "modest_command": "modest <model_file> --unsafe --max-run-length 0 -D --rng MersenneTwister -E RESISTIVE_NOISE_THRESH=1, INDUCTIVE_NOISE_THRESH=5",
  "verification_time_sec": 677.1736702919006,
  "properties": {
    "I_2000": 0.9984539270253556,
    "I_2010": 0.9985569985569985,
    "I_2020": 0.9987631416202845,
    "I_2030": 0.9987631416202845,
    "I_2040": 0.9988662131519275,
    "I_2050": 0.9988662131519275,
    "I_2060": 0.9989692846835704,
    "I_2070": 0.9990723562152134,
    "I_2080": 0.9990723562152134,
    "I_2090": 0.9990723562152134,
    "I_2100": 0.9991754277468563,
    "I_2110": 0.9991754277468563,
    "I_2120": 0.9991754277468563,
    "I_2130": 0.9991754277468563,
    "I_2140": 0.9991754277468563,
    "I_2150": 0.9992784992784993,
    "I_2160": 0.9992784992784993,
    "I_2170": 0.9992784992784993,
    "I_2180": 0.9992784992784993,
    "I_2190": 0.9992784992784993,
    "I_2200": 0.9992784992784993,
    "I_2210": 0.9992784992784993,
    "I_2220": 0.9992784992784993,
    "I_2230": 0.9992784992784993,
    "I_2240": 0.9992784992784993,
    "I_2250": 0.9994846423417852,
    "I_2260": 0.9994846423417852,
    "I_2270": 0.9995877138734282,
    "I_2280": 0.9995877138734282,
    "I_2290": 0.9995877138734282,
    "I_2300": 0.9995877138734282,
    "I_2310": 0.9996907854050712,
    "I_2320": 0.9996907854050712,
    "I_2330": 0.9996907854050712,
    "I_2340": 0.9996907854050712,
    "I_2350": 0.9996907854050712,
    "I_2360": 0.9996907854050712,
    "I_2370": 0.9996907854050712,
    "I_2380": 0.9996907854050712,
    "I_2390": 0.9996907854050712,
    "I_2400": 0.9996907854050712,
    "I_2410": 0.9996907854050712,
    "I_2420": 0.9996907854050712,
    "I_2430": 0.9996907854050712,
    "I_2440": 0.9996907854050712,
    "I_2450": 0.9996907854050712,
    "I_2460": 0.9996907854050712,
    "I_2470": 0.9997938569367141,
    "I_2480": 0.9997938569367141,
    "I_2490": 0.9997938569367141,
    "I_2500": 0.9997938569367141
  },
  "verification_type": "modes",
  "clock_cycle_bounds": [
    2000,
    2500
  ],
  "noc_model_file_path": "noc_model.modest",
  "raw_modest_output_path": "modest_output.txt"
}