{
  "noc_parameters": {
    "size": [
      3,
      3
    ],
    "buffer_size": 4,
    "activity_thresh": 2,
    "injection_rate_numerator": 3,
    "injection_rate_denominator": 10,
    "resistive_noise_threshold": null,
    "inductive_noise_threshold": null
  },
  "modest_command": "modest <model_file> --unsafe --max-run-length 0 -D --rng MersenneTwister -E ACTIVITY_THRESH=2",
  "verification_time_sec": 9.415584564208984,
  "properties": {
    "r0_R_1000": 0.8822923108637394,
    "r1_R_1000": 0.9979385693671408,
    "r2_R_1000": 0.8873428159142445,
    "r3_R_1000": 0.9849515563801278,
    "r4_R_1000": 0.9996907854050712,
    "r5_R_1000": 0.9856730571016286,
    "r6_R_1000": 0.8843537414965986,
    "r7_R_1000": 0.9984539270253556,
    "r8_R_1000": 0.8846629560915276
  },
  "verification_type": "modes",
  "clock_cycle_bounds": [
    1000,
    1000
  ],
  "noc_model_file_path": "noc_model.modest",
  "raw_modest_output_path": "modest_output.txt"
}