{
  "noc_parameters": {
    "size": [
      2,
      2
    ],
    "buffer_size": 4,
    "activity_thresh": 3,
    "injection_rate_numerator": 3,
    "injection_rate_denominator": 10,
    "resistive_noise_threshold": 1,
    "inductive_noise_threshold": 5
  },
  "modest_command": "modest <model_file> --unsafe --max-run-length 0 -D --rng MersenneTwister -E RESISTIVE_THRESH=1, INDUCTIVE_THRESH=5",
  "verification_time_sec": 237.77370190620422,
  "properties": {
    "R_1000": 0.9233147804576376,
    "R_1010": 0.9279529993815708,
    "R_1020": 0.9311482168625026,
    "R_1030": 0.9346526489383632,
    "R_1040": 0.9372294372294372,
    "R_1050": 0.940218511647083,
    "R_1060": 0.9425891568748712,
    "R_1070": 0.945784374355803,
    "R_1080": 0.9502164502164502,
    "R_1090": 0.9526901669758813,
    "R_1100": 0.9543393114821687,
    "R_1110": 0.9562976705833849,
    "R_1120": 0.9580498866213152,
    "R_1130": 0.9606266749123892,
    "R_1140": 0.9626881055452484,
    "R_1150": 0.963718820861678,
    "R_1160": 0.9656771799628943,
    "R_1170": 0.9675324675324676,
    "R_1180": 0.9689754689754689,
    "R_1190": 0.9699031127602556,
    "R_1200": 0.971346114203257,
    "R_1210": 0.9730983302411874,
    "R_1220": 0.9745413316841888,
    "R_1230": 0.9759843331271902,
    "R_1240": 0.9773242630385488,
    "R_1250": 0.979179550608122,
    "R_1260": 0.9803133374561946,
    "R_1270": 0.9813440527726242,
    "R_1280": 0.9820655534941249,
    "R_1290": 0.9826839826839827,
    "R_1300": 0.9836116264687693,
    "R_1310": 0.9846423417851989,
    "R_1320": 0.9854669140383426,
    "R_1330": 0.9867037724180582,
    "R_1340": 0.9876314162028448,
    "R_1350": 0.9879406307977736,
    "R_1360": 0.9890744176458462,
    "R_1370": 0.989589775304061,
    "R_1380": 0.9905174190888476,
    "R_1390": 0.9908266336837765,
    "R_1400": 0.9915481344052772,
    "R_1410": 0.9920634920634921,
    "R_1420": 0.9925788497217068,
    "R_1430": 0.9933003504432076,
    "R_1440": 0.9935064935064936,
    "R_1450": 0.9939187796330653,
    "R_1460": 0.9944341372912802,
    "R_1470": 0.9946402803545661,
    "R_1480": 0.994846423417852,
    "R_1490": 0.9952587095444239,
    "R_1500": 0.9952587095444239,
    "R_1510": 0.9955679241393527,
    "R_1520": 0.9956709956709957,
    "R_1530": 0.9957740672026386,
    "R_1540": 0.9957740672026386,
    "R_1550": 0.9959802102659245,
    "R_1560": 0.9961863533292105,
    "R_1570": 0.9964955679241394,
    "R_1580": 0.9968047825190682,
    "R_1590": 0.9970109255823542,
    "R_1600": 0.9970109255823542,
    "R_1610": 0.9972170686456401,
    "R_1620": 0.997320140177283,
    "R_1630": 0.997423211708926,
    "R_1640": 0.9977324263038548,
    "R_1650": 0.9979385693671408,
    "R_1660": 0.9979385693671408,
    "R_1670": 0.9979385693671408,
    "R_1680": 0.9980416408987838,
    "R_1690": 0.9980416408987838,
    "R_1700": 0.9980416408987838,
    "R_1710": 0.9980416408987838,
    "R_1720": 0.9981447124304267,
    "R_1730": 0.9983508554937126,
    "R_1740": 0.9984539270253556,
    "R_1750": 0.9984539270253556,
    "R_1760": 0.9984539270253556,
    "R_1770": 0.9985569985569985,
    "R_1780": 0.9985569985569985,
    "R_1790": 0.9987631416202845,
    "R_1800": 0.9988662131519275,
    "R_1810": 0.9988662131519275,
    "R_1820": 0.9989692846835704,
    "R_1830": 0.9990723562152134,
    "R_1840": 0.9990723562152134,
    "R_1850": 0.9991754277468563,
    "R_1860": 0.9991754277468563,
    "R_1870": 0.9991754277468563,
    "R_1880": 0.9991754277468563,
    "R_1890": 0.9991754277468563,
    "R_1900": 0.9991754277468563,
    "R_1910": 0.9991754277468563,
    "R_1920": 0.9992784992784993,
    "R_1930": 0.9992784992784993,
    "R_1940": 0.9992784992784993,
    "R_1950": 0.9993815708101422,
    "R_1960": 0.9994846423417852,
    "R_1970": 0.9994846423417852,
    "R_1980": 0.9994846423417852,
    "R_1990": 0.9994846423417852
  },
  "verification_type": "modes",
  "clock_cycle_bounds": [
    1000,
    1999
  ],
  "noc_model_file_path": "noc_model.modest",
  "raw_modest_output_path": "modest_output.txt"
}